-- phpMyAdmin SQL Dump
-- version 4.6.5.2
-- https://www.phpmyadmin.net/
--
-- Host: 127.0.0.1
-- Generation Time: Oct 27, 2017 at 03:41 PM
-- Server version: 10.1.21-MariaDB
-- PHP Version: 5.6.30




/*!40101 SET @OLD_CHARACTER_SET_CLIENT=@@CHARACTER_SET_CLIENT */;
/*!40101 SET @OLD_CHARACTER_SET_RESULTS=@@CHARACTER_SET_RESULTS */;
/*!40101 SET @OLD_COLLATION_CONNECTION=@@COLLATION_CONNECTION */;
/*!40101 SET NAMES utf8mb4 */;

--
-- Database:  stuslu 
--

-- --------------------------------------------------------

--
-- Table structure for table  exam 
--

CREATE TABLE  exam  (
   courseID  varchar(5) NOT NULL,
   grade  int DEFAULT NULL,
   dateOfExam  date DEFAULT NULL,
   studentID  varchar(10) NOT NULL
) 

--
-- Dumping data for table  exam 
--

INSERT INTO  exam  ( courseID ,  grade ,  dateOfExam ,  studentID ) VALUES
('11007', 1, '2011-04-09', '3327074542'),
('11014', 4, '2011-07-03', '4980124305'),
('11014', 5, '2014-09-17', '894457349'),
('11015', 4, '2011-07-09', '1115113186'),
('11015', 4, '2011-10-22', '8008760281'),
('11016', 4, '2011-02-19', '7740959790'),
('11016', 2, '2015-07-11', '7754575027'),
('11016', 1, '2013-10-10', '8918186703'),
('11017', 5, '2016-03-25', '1703139003'),
('11044', 5, '2017-03-21', '1301865834'),
('11044', 5, '2016-09-16', '3572415640'),
('11044', 5, '2015-01-17', '9534905747'),
('11046', 2, '2015-06-21', '9468730867'),
('11047', 2, '2013-10-23', '7100764807'),
('11049', 5, '2012-09-18', '1607375834'),
('11049', 4, '2013-01-18', '5606386623'),
('11050', 2, '2012-10-05', '2635537534'),
('11060', 5, '2017-08-24', '6253346245'),
('11060', 5, '2012-07-15', '8214539420'),
('11063', 5, '2011-09-30', '6772936329'),
('11063', 1, '2012-02-01', '7818934766'),
('11064', 3, '2015-10-16', '8665479589'),
('11066', 2, '2014-11-14', '62135279'),
('11067', 1, '2015-05-09', '3097413545'),
('11067', 1, '2012-06-13', '4458283774'),
('11069', 3, '2015-04-17', '2416941275'),
('11069', 4, '2015-02-11', '6819096046'),
('11085', 3, '2017-03-17', '1839926473'),
('11086', 1, '2016-05-19', '7966066266'),
('11087', 2, '2013-12-22', '8447861740'),
('11088', 1, '2014-12-27', '434715751'),
('11111', 3, '2012-06-22', '7943027426'),
('11200', 3, '2016-09-03', '6721897113'),
('11203', 2, '2016-12-09', '2976358'),
('11204', 4, '2011-03-03', '2567481257'),
('11207', 4, '2014-07-23', '8254844003'),
('11214', 3, '2012-12-02', '391084445'),
('11217', 1, '2012-02-15', '2135618934'),
('11217', 3, '2014-09-02', '3327074542'),
('11219', 4, '2011-10-28', '671394606'),
('11219', 1, '2016-06-28', '7377110635'),
('11219', 3, '2016-12-23', '8646946428'),
('11222', 5, '2017-03-20', '4037623080'),
('12028', 5, '2016-08-21', '5871869645'),
('12031', 5, '2015-07-07', '9723708418'),
('12033', 1, '2014-01-05', '6015879424'),
('12033', 2, '2012-01-09', '8997423819'),
('12038', 4, '2017-09-19', '404460135'),
('12038', 2, '2017-03-12', '4519548314'),
('12039', 2, '2017-02-09', '2630844013'),
('12039', 3, '2011-01-23', '9925928982'),
('13004', 3, '2017-03-26', '4607041750'),
('13007', 1, '2016-02-04', '4561106995'),
('13017', 5, '2014-05-27', '2159343641'),
('13023', 4, '2015-03-23', '7700843627'),
('13047', 1, '2016-10-14', '7277081692'),
('13054', 3, '2014-01-20', '8284004399'),
('13080', 4, '2015-08-25', '9246393759'),
('13083', 2, '2016-04-30', '1252090684'),
('13083', 2, '2014-12-15', '5765814530'),
('13095', 2, '2015-02-10', '2261047282'),
('13128', 3, '2012-03-03', '1272847497'),
('13128', 1, '2013-07-05', '3672790559'),
('13128', 3, '2014-03-21', '5521128069'),
('13128', 5, '2010-12-01', '974475912'),
('13134', 4, '2015-04-07', '756230322'),
('13134', 3, '2016-02-04', '8061503646'),
('13144', 5, '2013-06-25', '7668616756'),
('13144', 3, '2015-03-27', '9236642144'),
('13147', 3, '2011-06-21', '1482776537'),
('13147', 4, '2015-03-03', '8808413004'),
('13158', 2, '2012-11-25', '5713610179'),
('13158', 1, '2013-10-19', '9843121813'),
('14000', 1, '2015-08-20', '1230200878'),
('14003', 4, '2013-03-15', '4822422364'),
('14004', 2, '2015-09-16', '9315745191'),
('14004', 3, '2015-09-17', '9578529309'),
('14005', 2, '2013-09-05', '3148661257'),
('14005', 3, '2014-02-22', '5481648628'),
('14005', 1, '2010-12-21', '8651529120'),
('14006', 2, '2012-07-05', '7740255505'),
('14007', 4, '2013-07-19', '1703139003'),
('14008', 2, '2017-06-04', '1129279189'),
('14008', 3, '2012-03-17', '9063868146'),
('14011', 5, '2016-07-17', '3826789318'),
('14012', 4, '2014-04-05', '1129279189'),
('14012', 1, '2016-08-02', '6922851463'),
('14014', 2, '2014-03-09', '368415368'),
('14014', 3, '2011-05-31', '9261635067'),
('14015', 3, '2016-11-08', '818438169'),
('14021', 4, '2013-07-04', '856314323'),
('14022', 5, '2014-02-20', '1237525934'),
('14022', 4, '2016-01-05', '6790153357'),
('14023', 4, '2016-05-05', '9267907654'),
('14025', 5, '2011-01-05', '2255521806'),
('14025', 1, '2016-09-27', '4055214405'),
('14025', 5, '2015-09-06', '7173846862'),
('14026', 3, '2011-10-20', '952005751'),
('14027', 4, '2013-09-09', '1019355441'),
('14027', 1, '2014-07-11', '3224393378'),
('14027', 2, '2013-11-17', '7260221542'),
('14029', 1, '2013-05-06', '1837415366'),
('14030', 3, '2011-02-06', '7754575027'),
('14031', 3, '2014-12-03', '4607041750'),
('14035', 3, '2016-09-17', '1984880314'),
('14039', 5, '2016-05-09', '5451128871'),
('14039', 5, '2015-11-28', '8348117822'),
('21013', 4, '2015-02-25', '77889444'),
('21016', 3, '2015-11-24', '4795586152'),
('21018', 2, '2011-03-05', '3725932689'),
('21018', 2, '2014-07-07', '7869339687'),
('21018', 4, '2012-10-03', '8915146603'),
('21019', 1, '2014-07-17', '2741961069'),
('21020', 5, '2015-09-14', '5404723556'),
('21057', 2, '2010-11-01', '1900643162'),
('21057', 4, '2017-06-12', '5513779145'),
('21057', 1, '2011-03-06', '8524654449'),
('21067', 1, '2016-10-23', '2170961178'),
('21067', 3, '2015-09-15', '8552736721'),
('21071', 4, '2012-06-16', '1355417791'),
('21073', 1, '2012-04-06', '6914069743'),
('21073', 1, '2014-08-16', '7635784412'),
('21074', 1, '2014-08-10', '1188096257'),
('21074', 4, '2011-02-08', '192961756'),
('21074', 1, '2015-04-01', '5069863177'),
('21076', 5, '2014-11-29', '8061503646'),
('21078', 5, '2011-11-13', '2270969391'),
('21078', 1, '2016-04-13', '3503915591'),
('21080', 1, '2014-08-06', '7754575027'),
('21085', 1, '2017-01-01', '8108757088'),
('21089', 3, '2013-07-26', '8210088203'),
('21211', 4, '2015-10-12', '5562882655'),
('21211', 5, '2016-01-31', '7719451198'),
('21214', 2, '2013-06-20', '1188096257'),
('21217', 1, '2012-06-05', '4561106995'),
('21217', 4, '2015-06-14', '9315745191'),
('21221', 5, '2017-02-10', '3593871580'),
('21227', 1, '2012-10-03', '1522642595'),
('21229', 1, '2014-11-15', '404460135'),
('21229', 3, '2013-07-16', '8324997490'),
('21232', 5, '2016-05-11', '3750319936'),
('21232', 3, '2015-09-10', '3786078424'),
('21232', 2, '2015-08-25', '9613950540'),
('21236', 5, '2015-06-29', '2416941275'),
('21236', 2, '2010-12-07', '4947779241'),
('22032', 3, '2013-11-18', '7720346149'),
('22040', 4, '2017-07-30', '2602607614'),
('23002', 2, '2011-10-07', '9598008436'),
('23003', 4, '2012-04-19', '900827165'),
('23004', 5, '2014-02-24', '3503915591'),
('23004', 2, '2012-03-25', '5765814530'),
('23004', 3, '2017-03-09', '6914069743'),
('23007', 3, '2014-04-29', '1607375834'),
('23007', 1, '2013-09-08', '2159343641'),
('23007', 5, '2016-07-17', '3718671557'),
('23009', 5, '2013-03-10', '1538927748'),
('23009', 5, '2012-10-09', '2885362944'),
('23009', 5, '2017-07-19', '4458283774'),
('23009', 2, '2011-05-15', '814811272'),
('23035', 2, '2012-04-30', '5272631552'),
('23035', 5, '2015-06-27', '7642666837'),
('23035', 5, '2011-10-22', '8156259491'),
('23092', 3, '2013-03-16', '7662145077'),
('23092', 3, '2017-10-25', '9613950540'),
('23106', 1, '2014-03-15', '7449319047'),
('23107', 4, '2012-12-19', '3527377182'),
('23110', 5, '2011-08-08', '3819193324'),
('23111', 1, '2017-05-08', '2250965552'),
('23111', 5, '2014-05-12', '9895623178'),
('23112', 2, '2011-03-29', '4540743643'),
('23113', 2, '2013-03-20', '1353558304'),
('23113', 2, '2012-09-16', '5513779145'),
('23148', 5, '2015-05-19', '1129279189'),
('23148', 2, '2013-09-05', '5272631552'),
('23148', 1, '2013-10-18', '6171666092'),
('23159', 3, '2012-07-09', '4755402395'),
('23194', 2, '2012-11-25', '5513779145'),
('23194', 2, '2011-07-30', '6502034292'),
('23197', 4, '2013-10-13', '1108123783'),
('23197', 4, '2011-01-06', '1723636290'),
('23197', 1, '2013-11-14', '4708689357'),
('23207', 1, '2017-10-09', '5926583268'),
('24000', 4, '2014-05-04', '1533282277'),
('24000', 1, '2013-02-25', '5746490784'),
('24000', 2, '2017-10-15', '7049055913'),
('24001', 1, '2010-11-01', '7536922965'),
('24002', 4, '2012-01-07', '1252090684'),
('24004', 1, '2016-02-18', '1156771013'),
('24004', 2, '2013-03-15', '7662145077'),
('24006', 2, '2016-03-22', '3290496910'),
('24006', 3, '2014-11-17', '9142262216'),
('24008', 2, '2017-02-05', '5236161754'),
('24008', 4, '2016-03-03', '5272631552'),
('24008', 4, '2011-07-05', '5513779145'),
('24009', 3, '2015-09-06', '4825022898'),
('24012', 1, '2017-06-09', '1019355441'),
('24012', 3, '2017-05-23', '7642666837'),
('24013', 1, '2015-09-21', '3277239764'),
('24020', 4, '2016-11-29', '1129279189'),
('24020', 1, '2012-02-21', '2635537534'),
('24020', 3, '2014-04-16', '6455913361'),
('24021', 3, '2011-03-31', '4481016736'),
('24021', 1, '2013-10-03', '9289695404'),
('24022', 1, '2012-11-18', '1607375834'),
('24022', 2, '2017-08-21', '6085986637'),
('24024', 2, '2012-05-25', '3553723580'),
('24024', 5, '2014-12-07', '7635784412'),
('24025', 2, '2013-08-25', '1230200878'),
('24025', 3, '2014-03-23', '7642666837'),
('24026', 1, '2010-12-20', '7288662535'),
('24027', 1, '2017-09-03', '8860122481'),
('24028', 1, '2013-05-16', '1392949262'),
('24029', 2, '2013-06-28', '900827165'),
('24031', 4, '2015-04-11', '5187377132'),
('24035', 1, '2011-04-23', '9954700943'),
('24036', 1, '2014-03-25', '4383766595'),
('24037', 2, '2015-02-21', '4970873836'),
('24037', 5, '2017-08-23', '6253346245'),
('24038', 2, '2017-03-28', '6182617594');

-- --------------------------------------------------------

--
-- Table structure for table  city 
--

CREATE TABLE  city  (
   zipCode  char(5) NOT NULL,
   cityName  varchar(24) DEFAULT NULL
) 

--
-- Dumping data for table  city 
--

INSERT INTO  city  ( zipCode ,  cityName ) VALUES
('10000', 'Zagreb  '),
('10010', 'Zagreb-Sloboština  '),
('10020', 'Zagreb-Novi  Zagreb'),
('10040', 'Zagreb-Dubrava  '),
('10090', 'Zagreb-Susedgrad  '),
('10110', 'Zagreb  '),
('10250', 'Lučko  '),
('10251', 'Hrvatski  Leskovac'),
('10253', 'Donji  Dragonožec'),
('10255', 'Gornji  Stupnik'),
('10257', 'Brezovica  '),
('10290', 'Zaprešić  '),
('10291', 'Prigorje  Brdovečko'),
('10292', 'Šenkovec  '),
('10293', 'Dubravica  '),
('10294', 'Donja  Pušća'),
('10295', 'Kupljenovo  '),
('10296', 'Luka  '),
('10297', 'Jakovlje  '),
('10298', 'Donja  Bistra'),
('10299', 'Marija  Gorica'),
('10310', 'Ivanić-Grad  '),
('10311', 'Posavski  Bregi'),
('10312', 'Kloštar  Ivanić'),
('10313', 'Graberje  Ivaničko'),
('10314', 'Križ  '),
('10315', 'Novoselec  '),
('10316', 'Lijevi  Dubrovčak'),
('10340', 'Vrbovec  '),
('10341', 'Lonjica  '),
('10342', 'Dubrava  '),
('10343', 'Nova  Kapela'),
('10344', 'Farkaševac  '),
('10345', 'Gradec  '),
('10346', 'Preseka  '),
('10347', 'Rakovec  '),
('10360', 'Sesvete  '),
('10361', 'Sesvete-Kraljevec  '),
('10362', 'Kašina  '),
('10363', 'Belovar  '),
('10370', 'Dugo  Selo'),
('10372', 'Oborovo  '),
('10373', 'Ivanja  Reka'),
('10380', 'Sveti  Ivan'),
('10381', 'Bedenica  '),
('10382', 'Donja  Zelina'),
('10383', 'Komin  '),
('10408', 'Velika  Mlaka'),
('10410', 'Velika  Gorica'),
('10411', 'Orle  '),
('10412', 'Donja  Lomnica'),
('10413', 'Kravarsko  '),
('10414', 'Pokupsko  '),
('10415', 'Novo  Čiče'),
('10417', 'Buševec  '),
('10418', 'Dubranec  '),
('10419', 'Vukovina  '),
('10430', 'Samobor  '),
('10431', 'Sveta  Nedjelja'),
('10432', 'Bregana  '),
('10434', 'Strmec  Samoborski'),
('10435', 'Sveti  Martin'),
('10436', 'Rakov  Potok'),
('10437', 'Bestovje  '),
('10450', 'Jastrebarsko  '),
('10451', 'Pisarovina  '),
('10453', 'Gorica  Svetojanska'),
('10454', 'Krašić  '),
('10455', 'Kostanjevac  '),
('10456', 'Kalje  '),
('10457', 'Sošice  '),
('20000', 'Dubrovnik  '),
('20205', 'Topolo  '),
('20207', 'Mlini  '),
('20210', 'Cavtat  '),
('20213', 'Čilipi  '),
('20215', 'Gruda  '),
('20216', 'Dubravka  '),
('20217', 'Pridvorje  '),
('20218', 'Pločice  '),
('20221', 'Koločep  '),
('20222', 'Lopud  '),
('20223', 'Šipanjska  Luka'),
('20224', 'Maranovići  '),
('20225', 'Babino  Polje'),
('20226', 'Goveđari  '),
('20230', 'Ston  '),
('20231', 'Doli  '),
('20232', 'Slano  '),
('20233', 'Trsteno  '),
('20234', 'Orašac  '),
('20235', 'Zaton  Veliki'),
('20236', 'Mokošica  '),
('20240', 'Trpanj  '),
('20242', 'Oskorušno  '),
('20243', 'Kuna  '),
('20244', 'Potomje  '),
('20245', 'Trstenik  '),
('20246', 'Janjina  '),
('20247', 'Žuljana  '),
('20248', 'Putniković  '),
('20250', 'Orebić  '),
('20260', 'Korčula  '),
('20263', 'Lumbarda  '),
('20264', 'Račišće  '),
('20267', 'Kućište  '),
('20269', 'Lovište  '),
('20270', 'Vela  Luka'),
('20271', 'Blato  '),
('20272', 'Smokvica  '),
('20273', 'Čara  '),
('20274', 'Pupnat  '),
('20275', 'Žrnovo  '),
('20278', 'Nova  Sela'),
('20290', 'Lastovo  '),
('20340', 'Ploče  '),
('20341', 'Kula  Norinska'),
('20342', 'Otrić  Seoci'),
('20343', 'Rogotin  '),
('20344', 'Komin  (Dalma)'),
('20345', 'Staševica  '),
('20350', 'Metković  '),
('20352', 'Vid  '),
('20353', 'Mlinište  '),
('20355', 'Opuzen  '),
('20356', 'Klek  '),
('20357', 'Blace  '),
('21233', 'Hrvace  '),
('21236', 'Vrlika  '),
('21238', 'Otok  (Dalmacija)'),
('21240', 'Trilj  '),
('21241', 'Obrovac  Sinjski'),
('21242', 'Grab  '),
('21243', 'Ugljane  '),
('21244', 'Cista  Velika'),
('21245', 'Tijarica  '),
('21246', 'Aržano  '),
('21247', 'Neorić  '),
('21250', 'Šestanovac  '),
('21251', 'Žrnovnica  '),
('21252', 'Tugare  '),
('21253', 'Gata  '),
('21254', 'Blato  na'),
('21255', 'Zadvarje  '),
('21256', 'Cista  Provo'),
('21257', 'Lovreć  '),
('21260', 'Imotski  '),
('21261', 'Runović  '),
('21262', 'Kamenmost  '),
('21263', 'Krivodol  '),
('21264', 'Donji  Proložac'),
('21265', 'Studenci  '),
('21266', 'Zmijavci  '),
('21267', 'Ričice  '),
('21270', 'Zagvozd  '),
('21271', 'Grabovac  '),
('21272', 'Slivno  '),
('21273', 'Župa  '),
('21275', 'Dragljane  '),
('21276', 'Vrgorac  '),
('21277', 'Veliki  Prolog'),
('21292', 'Srinjine  '),
('21300', 'Makarska  '),
('21310', 'Omiš  '),
('21311', 'Stobreč  '),
('21312', 'Podstrana  '),
('21314', 'Jesenice  '),
('21315', 'Dugi  Rat'),
('21317', 'Lokva  Rogoznica'),
('21318', 'Mimice  '),
('21320', 'Baška  Voda'),
('21322', 'Brela  '),
('21323', 'Promajna  '),
('21325', 'Tučepi  '),
('21327', 'Podgora  '),
('21328', 'Drašnice  '),
('21329', 'Igrane  '),
('21330', 'Gradac  '),
('21333', 'Drvenik  '),
('21334', 'Zaostrog  '),
('21335', 'Podaca  '),
('21400', 'Supetar  '),
('21403', 'Sutivan  '),
('21404', 'Ložišća  '),
('21405', 'Milna  '),
('21410', 'Postira  '),
('21412', 'Pučišća  '),
('21413', 'Povlja  '),
('21420', 'Bol  '),
('21423', 'Nerežišća  '),
('21424', 'Pražnica  '),
('21425', 'Selca  '),
('21430', 'Grohote  '),
('21432', 'Stomorska  '),
('21450', 'Hvar  '),
('21454', 'Brusje  '),
('21460', 'Stari  Grad'),
('21462', 'Vrbanj  '),
('21463', 'Vrboska  '),
('21465', 'Jelsa  '),
('21466', 'Zastražišće  '),
('21467', 'Gdinj  '),
('21469', 'Sućuraj  '),
('21480', 'Vis  '),
('21483', 'Podšpilje  '),
('21485', 'Komiža  '),
('22000', 'Šibenik  '),
('22030', 'Šibenik-Zablaće  '),
('22202', 'Primošten  '),
('22203', 'Rogoznica  '),
('22204', 'Široke  '),
('22205', 'Perković  '),
('22206', 'Boraja  '),
('22211', 'Vodice  '),
('22212', 'Tribunj  '),
('22213', 'Pirovac  '),
('22214', 'Čista  Velika'),
('22215', 'Zaton  '),
('22221', 'Lozovac  '),
('22222', 'Skradin  '),
('22232', 'Zlarin  '),
('22233', 'Prvić  Luka'),
('22234', 'Prvić  Šepurine'),
('22235', 'Kaprije  '),
('22236', 'Žirje  '),
('22240', 'Tisno  '),
('22242', 'Jezera  '),
('22243', 'Murter  '),
('22244', 'Betina  '),
('22300', 'Knin  '),
('22301', 'Golubić  '),
('22303', 'Oklaj  '),
('22305', 'Kistanje  '),
('22310', 'Kijevo  '),
('22320', 'Drniš  '),
('22321', 'Siverić  '),
('22322', 'Ružić  '),
('22323', 'Unešić  '),
('22324', 'Drinovci  '),
('23000', 'Zadar  '),
('23205', 'Bibinje  '),
('23206', 'Sukošan  '),
('23207', 'Sveti  Filip'),
('23210', 'Biograd  na'),
('23211', 'Pakoštane  '),
('23212', 'Tkon  '),
('23222', 'Zemunik  '),
('23223', 'Škabrnja  '),
('23226', 'Pridraga  '),
('23231', 'Petrčane  '),
('23232', 'Nin  '),
('23233', 'Privlaka  (Dalmacija)'),
('23234', 'Vir  '),
('23235', 'Vrsi  '),
('23241', 'Poličnik  '),
('23242', 'Posedarje  '),
('23243', 'Jasenice  '),
('23244', 'Starigrad  Paklenica'),
('23245', 'Tribanj  '),
('23247', 'Vinjerac  '),
('23248', 'Ražanac  '),
('23249', 'Povljana  '),
('23250', 'Pag  '),
('23251', 'Kolan  '),
('23262', 'Pašman  '),
('23263', 'Ždrelac  '),
('23264', 'Neviđane  '),
('23271', 'Kukljica  '),
('23272', 'Kali  '),
('23273', 'Preko  '),
('23274', 'Lukoran  '),
('23275', 'Ugljan  '),
('23281', 'Sali  '),
('23282', 'Žman  '),
('23283', 'Rava  '),
('23284', 'Veli  Iž'),
('23285', 'Brbinj  '),
('23286', 'Božava  '),
('23287', 'Veli  Rat'),
('23291', 'Sestrunj  '),
('23292', 'Molat  '),
('23293', 'Ist  '),
('23294', 'Premuda  '),
('23295', 'Silba  '),
('23296', 'Olib  '),
('23312', 'Novigrad  (Dalmacija)'),
('23420', 'Benkovac  '),
('23422', 'Stankovci  '),
('23423', 'Polača  '),
('23440', 'Gračac  '),
('23445', 'Srb  '),
('23450', 'Obrovac  '),
('23452', 'Karin  '),
('32000', 'Vukovar  '),
('32010', 'Vukovar  '),
('32100', 'Vinkovci  '),
('32211', 'Ostrovo  '),
('32212', 'Gaboš  '),
('32213', 'Markušica  '),
('32214', 'Tordinci  '),
('32221', 'Nuštar  '),
('32222', 'Bršadin  '),
('32224', 'Trpinja  '),
('32225', 'Bobota  '),
('32227', 'Borovo  '),
('32229', 'Petrovci  '),
('32232', 'Sotin  '),
('32233', 'Opatovac  '),
('32234', 'Šarengrad  '),
('32235', 'Bapska  '),
('32236', 'Ilok  '),
('32237', 'Lovas  '),
('32238', 'Čakovci  '),
('32239', 'Negoslavci  '),
('32241', 'Stari  Jankovci'),
('32242', 'Slakovci  '),
('32243', 'Orolik  '),
('32244', 'Đeletovci  '),
('32245', 'Nijemci  '),
('32246', 'Lipovac  '),
('32247', 'Banovci  '),
('32248', 'Ilača  '),
('32249', 'Tovarnik  '),
('32251', 'Privlaka  '),
('32252', 'Otok  '),
('32253', 'Komletinci  '),
('32254', 'Vrbanja  '),
('32255', 'Soljani  '),
('32256', 'Strošinci  '),
('32257', 'Drenovci  '),
('32258', 'Posavski  Podgajci'),
('32260', 'Gunja  '),
('32261', 'Rajevo  Selo'),
('32262', 'Račinovci  '),
('32263', 'Đurići  '),
('32270', 'Županja  '),
('32271', 'Rokovci  Andrijaševci'),
('32272', 'Cerna  '),
('32273', 'Gradište  '),
('32274', 'Štitar  '),
('32275', 'Bošnjaci  '),
('32276', 'Babina  Greda'),
('32280', 'Jarmina  '),
('32281', 'Ivankovo  '),
('32282', 'Retkovci  '),
('32283', 'Vođinci  '),
('32284', 'Stari  Mikanovci'),
('33000', 'Virovitica  '),
('33404', 'Špišić  Bukovica'),
('33405', 'Pitomača  '),
('33406', 'Lukač  '),
('33407', 'Gornje  Bazje'),
('33410', 'Suhopolje  '),
('33411', 'Gradina  '),
('33412', 'Cabuna  '),
('33507', 'Crnac  '),
('33513', 'Zdenci  '),
('33514', 'Čačinci  '),
('33515', 'Orahovica  '),
('33517', 'Mikleuš  '),
('33518', 'Nova  Bukovica'),
('33520', 'Slatina  '),
('33522', 'Voćin  '),
('33523', 'Čađavica  '),
('33525', 'Sopje  '),
('33533', 'Pivnica  Slavonska'),
('34000', 'Požega  '),
('34308', 'Jakšić  '),
('34310', 'Pleternica  '),
('34311', 'Kuzmica  '),
('34312', 'Sesvete  (kod'),
('34315', 'Ratkovica  '),
('34322', 'Brestovac  '),
('34330', 'Velika  '),
('34334', 'Kaptol  '),
('34335', 'Vetovo  '),
('34340', 'Kutjevo  '),
('34343', 'Bektež  '),
('34350', 'Čaglin  '),
('34543', 'Poljana  '),
('34550', 'Pakrac  '),
('34551', 'Lipik  '),
('34552', 'Badljevina  '),
('34553', 'Bučje  '),
('35105', 'Slavonski  Brod'),
('35106', 'Slavonski  Brod'),
('35107', 'Podvinje  '),
('35201', 'Podcrkavlje  '),
('35209', 'Bukovlje  '),
('35214', 'Donji  Andrijevci'),
('35250', 'Oriovac  '),
('35252', 'Sibinj  '),
('35254', 'Bebrina  '),
('35404', 'Cernik  '),
('35410', 'Nova  Kapela'),
('35422', 'Zapolje  '),
('35428', 'Dragalić  '),
('35430', 'Okučani  '),
('40000', 'Čakovec  '),
('40305', 'Nedelišće  '),
('40306', 'Macinec  '),
('40311', 'Lopatinec  '),
('40312', 'Štrigova  '),
('40313', 'Sveti  Martin'),
('40314', 'Selnica  '),
('40315', 'Mursko  Središče'),
('40317', 'Podturen  '),
('40318', 'Dekanovec  '),
('40319', 'Belica  '),
('40320', 'Donji  Kraljevec'),
('40321', 'Mala  Subotica'),
('40322', 'Orehovica  '),
('40323', 'Prelog  '),
('40324', 'Goričan  '),
('40325', 'Draškovec  '),
('40326', 'Sveta  Marija'),
('40327', 'Donji  Vidovec'),
('40328', 'Donja  Dubrava'),
('40329', 'Kotoriba  '),
('42000', 'Varaždin  '),
('42201', 'Beretinec  '),
('42202', 'Trnovec  Bartolovečki'),
('42203', 'Jalžabet  '),
('42204', 'Turčin  '),
('42205', 'Vidovec  '),
('42206', 'Petrijanec  '),
('42207', 'Vinica  '),
('42208', 'Cestica  '),
('42209', 'Sračinec  '),
('42214', 'Sveti  Ilija'),
('42220', 'Novi  Marof'),
('42222', 'Ljubeščica  '),
('42223', 'Varaždinske  Toplice'),
('42225', 'Breznički  Hum'),
('42230', 'Ludbreg  '),
('42231', 'Mali  Bukovec'),
('42232', 'Donji  Martijanec'),
('42233', 'Sveti  Đurđ'),
('42240', 'Ivanec  '),
('42242', 'Radovan  '),
('42243', 'Maruševec  '),
('42244', 'Klenovnik  '),
('42245', 'Donja  Voća'),
('42250', 'Lepoglava  '),
('42253', 'Bednja  '),
('42254', 'Trakošćan  '),
('42255', 'Donja  Višnjica'),
('43000', 'Bjelovar  '),
('43202', 'Zrinski  Topolovac'),
('43203', 'Kapela  '),
('43211', 'Predava  '),
('43212', 'Rovišće  '),
('43226', 'Veliko  Trojstvo'),
('43227', 'Šandrovac  '),
('43231', 'Ivanska  '),
('43232', 'Berek  '),
('43233', 'Trnovitički  Popovac'),
('43240', 'Čazma  '),
('43246', 'Štefanje  '),
('43247', 'Narta  '),
('43251', 'Gudovac  '),
('43252', 'Prgomelje  '),
('43270', 'Veliki  Grđevac'),
('43272', 'Nova  Rača'),
('43273', 'Bulinac  '),
('43274', 'Severin  '),
('43280', 'Garešnica  '),
('43282', 'Veliko  Vukovje'),
('43283', 'Kaniška  Iva'),
('43284', 'Hercegovac  '),
('43290', 'Grubišno  Polje'),
('43293', 'Veliki  Zdenci'),
('43500', 'Daruvar  '),
('43505', 'Končanica  (Končenice)'),
('43506', 'Dežanovac  '),
('43507', 'Uljanik  '),
('43531', 'Veliki  Bastaji'),
('43532', 'Đulovac  '),
('43541', 'Sirač  '),
('44000', 'Sisak  '),
('44010', 'Sisak-Caprag  '),
('44201', 'Martinska  Ves'),
('44202', 'Topolovac  '),
('44203', 'Gušće  '),
('44204', 'Jabukovac  '),
('44210', 'Sunja  '),
('44211', 'Blinjski  Kut'),
('44213', 'Kratečko  '),
('44250', 'Petrinja  '),
('44253', 'Mošćenica  '),
('44272', 'Lekenik  '),
('44273', 'Sela  '),
('44316', 'Velika  Ludina'),
('44317', 'Popovača  '),
('44318', 'Voloder  '),
('44320', 'Kutina  '),
('44321', 'Banova  Jaruga'),
('44322', 'Lipovljani  '),
('44323', 'Rajić  '),
('44324', 'Jasenovac  '),
('44325', 'Krapje  '),
('44330', 'Novska  '),
('44400', 'Glina  '),
('44410', 'Gvozd  '),
('44415', 'Topusko  '),
('44430', 'Hrvatska  Kostajnica'),
('44431', 'Donji  Kukuruzari'),
('44435', 'Divuša  '),
('44440', 'Dvor  '),
('44450', 'Hrvatska  Dubica'),
('47000', 'Karlovac  '),
('47201', 'Draganići  '),
('47203', 'Rečica  '),
('47204', 'Šišljavić  '),
('47206', 'Lasinja  '),
('47212', 'Skakavac  '),
('47220', 'Vojnić  '),
('47222', 'Cetingrad  '),
('47240', 'Slunj  '),
('47241', 'Cerovac  Vukmanički'),
('47242', 'Krnjak  '),
('47245', 'Rakovica  '),
('47246', 'Drežnik  Grad'),
('47250', 'Duga  Resa'),
('47251', 'Bosiljevo  '),
('47252', 'Barilović  '),
('47261', 'Zvečaj  '),
('47262', 'Generalski  Stol'),
('47264', 'Tounj  '),
('47271', 'Netretić  '),
('47272', 'Ribnik  '),
('47276', 'Žakanje  '),
('47280', 'Ozalj  '),
('47281', 'Mali  Erjavec'),
('47282', 'Kamanje  '),
('47283', 'Vivodina  '),
('47284', 'Kašt  '),
('47285', 'Radatovići  '),
('47286', 'Mahično  '),
('47300', 'Ogulin  '),
('47302', 'Oštarije  '),
('47303', 'Josipdol  '),
('47304', 'Plaški  '),
('47306', 'Saborsko  '),
('47307', 'Gornje  Zagorje'),
('47313', 'Drežnica  '),
('47314', 'Jasenak  '),
('48000', 'Koprivnica  '),
('48214', 'Sveti  Ivan'),
('48260', 'Križevci  '),
('48264', 'Kloštar  Vojakovački'),
('48265', 'Raven  '),
('48267', 'Orehovec  '),
('48268', 'Gornja  Rijeka'),
('48269', 'Kalnik  '),
('48306', 'Sokolovac  '),
('48311', 'Kunovec  '),
('48312', 'Rasinja  '),
('48314', 'Koprivnički  Ivanec'),
('48316', 'Đelekovec  '),
('48317', 'Legrad  '),
('48321', 'Peteranec  '),
('48322', 'Drnje  '),
('48323', 'Hlebine  '),
('48325', 'Novigrad  Podravski'),
('48326', 'Virje  '),
('48327', 'Molve  '),
('48331', 'Gola  '),
('48332', 'Ždala  '),
('48350', 'Đurđevac  '),
('48355', 'Novo  Virje'),
('48356', 'Ferdinandovac  '),
('48361', 'Kalinovac  '),
('48362', 'Kloštar  Podravski'),
('48363', 'Podravske  Sesvete'),
('49000', 'Krapina  '),
('49210', 'Zabok  '),
('49214', 'Veliko  Trgovišće'),
('49215', 'Tuhelj  '),
('49216', 'Desinić  '),
('49217', 'Krapinske  Toplice'),
('49218', 'Pregrada  '),
('49221', 'Bedekovčina  '),
('49222', 'Poznanovec  '),
('49223', 'Sveti  Križ'),
('49224', 'Lepajci  '),
('49225', 'Đurmanec  '),
('49228', 'Brestovec  Orehovički'),
('49231', 'Hum  na'),
('49232', 'Radoboj  '),
('49233', 'Gornje  Jesenje'),
('49234', 'Petrovsko  '),
('49240', 'Donja  Stubica'),
('49243', 'Oroslavje  '),
('49244', 'Stubičke  Toplice'),
('49245', 'Gornja  Stubica'),
('49246', 'Marija  Bistrica'),
('49247', 'Zlatar  Bistrica'),
('49250', 'Zlatar  '),
('49251', 'Mače  '),
('49252', 'Mihovljan  '),
('49253', 'Lobor  '),
('49254', 'Belec  '),
('49255', 'Novi  Golubovec'),
('49282', 'Konjščina  '),
('49283', 'Hraščina-Trgovišće  '),
('49284', 'Budinšćina  '),
('49290', 'Klanjec  '),
('49294', 'Kraljevec  na'),
('49295', 'Kumrovec  '),
('49296', 'Zagorska  Sela'),
('51000', 'Rijeka  '),
('51211', 'Matulji  '),
('51212', 'Vele  Mune'),
('51213', 'Jurdani  '),
('51214', 'Šapjane  '),
('51215', 'Kastav  '),
('51216', 'Viškovo  '),
('51217', 'Klana  '),
('51218', 'Dražice  '),
('51221', 'Kostrena  '),
('51222', 'Bakar  '),
('51223', 'Škrljevo  '),
('51224', 'Krasica  '),
('51225', 'Praputnjak  '),
('51226', 'Hreljin  '),
('51227', 'Kukuljanovo  '),
('51241', 'Križišće  '),
('51242', 'Drivenik  '),
('51243', 'Tribalj  '),
('51244', 'Grižane  '),
('51250', 'Novi  Vinodolski'),
('51251', 'Ledenice  '),
('51252', 'Klenovica  '),
('51253', 'Bribir  '),
('51260', 'Crikvenica  '),
('51261', 'Bakarac  '),
('51262', 'Kraljevica  '),
('51263', 'Šmrika  '),
('51264', 'Jadranovo  '),
('51265', 'Dramalj  '),
('51266', 'Selce  '),
('51280', 'Rab  '),
('51281', 'Lopar  '),
('51300', 'Delnice  '),
('51301', 'Brod  na'),
('51302', 'Kuželj  '),
('51303', 'Plešce  '),
('51304', 'Gerovo  '),
('51305', 'Tršće  '),
('51306', 'Čabar  '),
('51307', 'Prezid  '),
('51311', 'Skrad  '),
('51312', 'Brod  Moravice'),
('51313', 'Kupjak  '),
('51314', 'Ravna  Gora'),
('51315', 'Mrkopalj  '),
('51316', 'Lokve  '),
('51317', 'Crni  Lug'),
('51322', 'Fužine  '),
('51323', 'Lič  '),
('51324', 'Zlobin  '),
('51325', 'Moravice  '),
('51326', 'Vrbovsko  '),
('51327', 'Gomirje  '),
('51328', 'Lukovdol  '),
('51329', 'Severin  na'),
('51410', 'Opatija  '),
('51414', 'Ičići  '),
('51415', 'Lovran  '),
('51417', 'Mošćenička  Draga'),
('51418', 'Brseč  '),
('51500', 'Krk  '),
('51511', 'Malinska  '),
('51512', 'Njivice  '),
('51513', 'Omišalj  '),
('51514', 'Dobrinj  '),
('51515', 'Šilo  '),
('51516', 'Vrbnik  '),
('51517', 'Kornić  '),
('51521', 'Punat  '),
('51522', 'Draga  Bašćanska'),
('51523', 'Baška  '),
('51550', 'Mali  Lošinj'),
('51551', 'Veli  Lošinj'),
('51552', 'Ilovik  '),
('51554', 'Nerezine  '),
('51555', 'Belej  '),
('51556', 'Martinšćica  '),
('51557', 'Cres  '),
('51559', 'Beli  '),
('51561', 'Susak  '),
('51562', 'Unije  '),
('51564', 'Ćunski  '),
('52000', 'Pazin  '),
('52100', 'Pula  (Pola)'),
('52203', 'Medulin  '),
('52204', 'Ližnjan  (Lisignano)'),
('52206', 'Marčana  '),
('52207', 'Barban  '),
('52208', 'Krnica  '),
('52210', 'Rovinj  (Rovigno)'),
('52211', 'Bale  (Valle)'),
('52212', 'Fažana  (Fasana)'),
('52215', 'Vodnjan  (Dignano)'),
('52216', 'Galižana  (Gallesano)'),
('52220', 'Labin  '),
('52221', 'Rabac  '),
('52222', 'Koromačno  '),
('52223', 'Raša  '),
('52224', 'Trget  '),
('52231', 'Nedešćina  '),
('52232', 'Kršan  '),
('52233', 'Šušnjevica  '),
('52234', 'Plomin  '),
('52332', 'Pićan  '),
('52333', 'Podpićan  '),
('52341', 'Žminj  '),
('52342', 'Svetvinčenat  '),
('52352', 'Kanfanar  '),
('52402', 'Cerovlje  '),
('52403', 'Gračišće  '),
('52404', 'Sveti  Petar'),
('52420', 'Buzet  '),
('52422', 'Lanišće  '),
('52423', 'Karojba  '),
('52424', 'Motovun  (Montana)'),
('52425', 'Roč  '),
('52426', 'Lupoglav  '),
('52427', 'Livade  (Levade)'),
('52428', 'Oprtalj  (Portole)'),
('52429', 'Grožnjan  (Grisignana)'),
('52434', 'Boljun  '),
('52440', 'Poreč  (Parenzo)'),
('52444', 'Tinjan  '),
('52445', 'Baderna  '),
('52446', 'Nova  Vas'),
('52447', 'Vižinada  (Visinada)'),
('52448', 'Sveti  Lovreč'),
('52449', 'Červar  Porat'),
('52450', 'Vrsar  (Orsera)'),
('52452', 'Funtana  (Fontane)'),
('52460', 'Buje  (Buie)'),
('52462', 'Momjan  (Momiano)'),
('52463', 'Višnjan  (Visignano)'),
('52464', 'Kaštelir  (Castelliere)'),
('52465', 'Tar  (Torre)'),
('52466', 'Novigrad  (Cittanova)'),
('52470', 'Umag  (Umago)'),
('52474', 'Brtonigla  (Verteneglio)'),
('52475', 'Savudrija  (Salvore)'),
('53000', 'Gospić  '),
('53201', 'Lički  Osik'),
('53202', 'Perušić  '),
('53203', 'Kosinj  '),
('53206', 'Brušane  '),
('53211', 'Smiljan  '),
('53212', 'Klanac  '),
('53213', 'Donje  Pazarište'),
('53220', 'Otočac  '),
('53223', 'Vrhovine  '),
('53224', 'Ličko  Lešće'),
('53230', 'Korenica  '),
('53231', 'Plitvička  Jezera'),
('53233', 'Ličko  Petrovo'),
('53234', 'Udbina  '),
('53236', 'Podlapača  '),
('53244', 'Lovinac  '),
('53250', 'Donji  Lapac'),
('53260', 'Brinje  '),
('53261', 'Križpolje  '),
('53262', 'Jezerane  '),
('53270', 'Senj  '),
('53271', 'Krivi  Put'),
('53273', 'Vratnik  '),
('53274', 'Krasno  '),
('53284', 'Sveti  Juraj'),
('53287', 'Jablanac  '),
('53288', 'Karlobag  '),
('53289', 'Lukovo  Šugarje'),
('53291', 'Novalja  '),
('53294', 'Lun  '),
('53296', 'Zubovići  ');

-- --------------------------------------------------------

--
-- Table structure for table  course 
--

CREATE TABLE  course  (
   courseID  varchar(5) NOT NULL,
   courseName  varchar(61) DEFAULT NULL,
   ects  decimal(2,1) DEFAULT NULL
) 

--
-- Dumping data for table  course 
--

INSERT INTO  course  ( courseID ,  courseName ,  ects ) VALUES
('11007', 'Simulation', '7.5'),
('11008', 'Operations Research', '7.5'),
('11014', 'Calculus I', '7.5'),
('11015', 'Numerical Methods with MATLAB', '7.5'),
('11016', 'Portfolio Theory II', '7.5'),
('11017', 'Financial and Risk Management Software', '7.5'),
('11018', 'Degree Project in Mathematics', '9.5'),
('11042', 'English for Academic Purposes 1', '7.5'),
('11043', 'English for Academic Purposes 3', '7.5'),
('11044', 'English 3, Social and Regional Variation', '7.5'),
('11045', 'English 4, Narrative and theory', '7.5'),
('11046', 'Translation Studies', '7.5'),
('11047', 'English 3, American Literature and Eco-criticism', '7.5'),
('11048', 'English 2', '9.5'),
('11049', 'English 2 Language in Context', '9.5'),
('11050', 'English 3', '9.5'),
('11060', 'English 3, Essay in English Studies', '9.5'),
('11063', 'English for Business Purposes', '7.5'),
('11064', 'English 1', '9.5'),
('11065', 'English 1', '6.0'),
('11066', 'English 1 Communication', '7.5'),
('11067', 'English 1 Communication', '6.0'),
('11068', 'English 1 Language Skills', '7.5'),
('11069', 'English 1 Language Skills', '6.0'),
('11085', 'English 2 Language in the workplace', '9.5'),
('11086', 'English 2', '6.0'),
('11087', 'English 4', '9.5'),
('11088', 'English 4, Advanced Essay in English Studies', '9.5'),
('11111', 'Mathematics of Internet', '7.5'),
('11200', 'Introduction to Financial Mathematics', '7.5'),
('11203', 'Methods of Statistical Inference', '7.5'),
('11204', 'Degree Project in Mathematics', '9.5'),
('11206', 'Actuarial Mathematics', '7.5'),
('11207', 'Degree Project in Mathematics', '9.5'),
('11214', 'English 2, Literature 2', '6.0'),
('11215', 'English 2, Linguistics 2', '6.0'),
('11217', 'English 1, Literature 1', '7.5'),
('11218', 'English 1, Literature 1', '6.0'),
('11219', 'English 1, Linguistics 1', '7.5'),
('11220', 'English 1, Linguistics 1', '6.0'),
('11222', 'Time Series Analysis', '7.5'),
('12000', 'Transcultural Perspective in Health, Care and Welfare', '7.5'),
('12028', 'Health Promotion - Concept, Contents and Practice', '7.5'),
('12031', 'Theories and Concepts in Caring/Nursing Science', '7.5'),
('12033', 'Scientific Methods', '7.5'),
('12037', 'Global Health Perspective on Drugs and Drug Abuse', '7.5'),
('12038', 'Thesis in Public Health Sciences', '9.5'),
('12039', 'Thesis in Caring Science', '9.5'),
('13004', 'Managing the Multinational Enterprise', '9.5'),
('13005', 'Microeconomics', '7.5'),
('13006', 'Industrial Economics', '7.5'),
('13007', 'Macroeconomic Theory', '7.5'),
('13017', 'Energy Optimization for Buildings', '9.5'),
('13023', 'International energy systems', '7.5'),
('13024', 'Process modelling', '7.5'),
('13047', 'Managerial Economics and Financial Theory', '6.0'),
('13054', 'Macroeconomics', '7.5'),
('13080', 'Economics', '6.0'),
('13083', 'Business Administration II', '6.0'),
('13094', 'Marketing Systems', '7.5'),
('13095', 'Marketing and IT', '7.5'),
('13104', 'Contemporary Issues in Marketing', '7.5'),
('13106', 'Intermediate Financial Accounting', '7.5'),
('13113', 'Strategic Marketing Management', '9.5'),
('13114', 'International Economics', '7.5'),
('13127', 'Process simulation', '7.5'),
('13128', 'Process optmization', '7.5'),
('13134', 'Bachelor Thesis in Business Administration', '9.5'),
('13135', 'Master Thesis in Business Administration', '9.5'),
('13144', 'Environmental Economics', '7.5'),
('13147', 'Bachelor thesis in Economics', '9.5'),
('13158', 'Service Management', '7.5'),
('13167', 'Cost and Management Accounting II', '7.5'),
('13168', 'The Internationalisation Process of Companies', '7.5'),
('13193', 'Organization, Innovation and Entrepreneurship', '6.0'),
('14000', 'Real-Time Systems I, distance course', '7.5'),
('14001', 'Distributed systems', '7.5'),
('14002', 'Computer Graphics: Advanced Data Structures and Algorithms', '6.0'),
('14003', 'Professional Ethics', '6.0'),
('14004', 'Software Engineering Project', '9.5'),
('14005', 'Advanced Component-based Software engineering', '7.5'),
('14006', 'Computer Network I, distance course', '7.5'),
('14007', 'Hardware for Embedded Systems', '6.0'),
('14008', 'Intelligent systems', '7.5'),
('14009', 'Biomedical Engineering', '7.5'),
('14010', 'Trendspotting', '7.5'),
('14011', 'Context Driven Innovation', '6.0'),
('14012', 'Innovation and Creativity Management', '7.5'),
('14014', 'Applied Operations Research and Logistics', '7.5'),
('14015', 'Multicultural Improvisation ', '6.0'),
('14020', 'Control Theory', '7.5'),
('14021', 'Beyond Fashion', '9.5'),
('14022', 'Cross Disciplinary Production', '6.0'),
('14023', 'Experimental Moving Images', '7.5'),
('14024', 'Rhetorical Presentation Design', '6.0'),
('14025', 'Applied artificial intelligence', '9.5'),
('14026', 'Software Engineering Project', '9.5'),
('14027', 'Advanced Software Engineering', '7.5'),
('14028', 'Real-Time Systems II', '6.0'),
('14029', 'Computer Graphics', '7.5'),
('14030', 'Advanced Software Verification and Validation', '6.0'),
('14031', 'Project in intelligent embedded systems', '9.5'),
('14032', 'Computational Thinking and Writing Research Toolbox ', '6.0'),
('14033', 'Advanced computational Thinking and Writing Research Toolbox ', '6.0'),
('14034', 'Production-, Maintenance-, and Quality Management', '7.5'),
('14035', 'Supply Chain Management', '7.5'),
('14039', 'Industrial Robotics', '7.5'),
('21013', 'Probability Theory and Statistical Inference', '7.5'),
('21014', 'Calculus II', '7.5'),
('21015', 'Analytical Finance with MATLAB', '7.5'),
('21016', 'Mathematics for Economics and Business', '7.5'),
('21017', 'Numerical Methods with MATLAB', '7.5'),
('21018', 'Stochastic Processes', '7.5'),
('21019', 'Analytical Finance I', '7.5'),
('21020', 'Java in Analytical Finance', '9.5'),
('21021', 'Differential Equations in Finance', '7.5'),
('21045', 'English for Academic Purposes 1', '7.5'),
('21057', 'English 2', '9.5'),
('21067', 'English 2 Language in Context', '9.5'),
('21071', 'English 3', '9.5'),
('21073', 'English 3, Discourse Analysis', '7.5'),
('21074', 'Literature 3: Imaginations', '7.5'),
('21075', 'English 3, Essay in English Studies', '9.5'),
('21076', 'English 4, Advanced Essay in English Studies', '6.0'),
('21077', 'English 4 ', '6.0'),
('21078', 'English 4, From Modernism to Postmodernism ', '6.0'),
('21079', 'Corpus Linguistics', '6.0'),
('21080', 'English 1', '9.5'),
('21081', 'English 1', '6.0'),
('21082', 'English 1 Communication', '7.5'),
('21083', 'English 1 Communication', '6.0'),
('21084', 'English 1 Language Skills', '7.5'),
('21085', 'English 1 Language Skills', '6.0'),
('21087', 'English for Academic Purposes 1', '7.5'),
('21089', 'Detective Fiction in English', '7.5'),
('21211', 'Mathematical Logic for Computer Science', '7.5'),
('21214', 'Portfolio Theory I', '7.5'),
('21215', 'Algebra', '7.5'),
('21216', 'Probability', '7.5'),
('21217', 'Analytical Finance II', '7.5'),
('21218', 'Optimization', '7.5'),
('21221', 'English for Academic Purposes 2', '7.5'),
('21226', 'English 2, Literature 2', '7.5'),
('21227', 'English 2, Linguistics 2', '7.5'),
('21228', 'English for Business Purposes', '7.5'),
('21229', 'English 1, Literature 1', '7.5'),
('21230', 'English 1, Literature 1', '6.0'),
('21231', 'English 1, Linguistics 1', '7.5'),
('21232', 'English 1, Linguistics 1', '6.0'),
('21233', 'English for Business Purposes', '7.5'),
('21236', 'Applied matrix analysis', '7.5'),
('22032', 'Theories of Health', '7.5'),
('22033', 'Didactics in Nursing and Health Education', '7.5'),
('22040', 'Teamwork and Leadership in Nursing and Health Education', '7.5'),
('22041', 'Inequality in Health and Sustainable Development', '7.5'),
('22042', 'Evidence Based Caring/Nursing', '7.5'),
('23002', 'International Finance', '9.5'),
('23003', 'Financial Accounting I', '7.5'),
('23004', 'Nordic perspectives on marketing and management', '9.5'),
('23005', 'Introduction to Management and Research Methods', '9.5'),
('23006', 'Marketing Basics', '7.5'),
('23007', 'Finance', '7.5'),
('23008', 'Intermediate Microeconomics', '7.5'),
('23009', 'Statistics for Business', '9.5'),
('23018', 'Business Strategies for Sustainable Development', '9.5'),
('23024', 'Energy Efficient Buildings', '9.5'),
('23034', 'Introduction to sustainable energy system', '7.5'),
('23035', 'Thermal Engineering', '9.5'),
('23036', 'Windpower and Hydropower', '7.5'),
('23092', 'Leadership Development and Communication', '7.5'),
('23106', 'Bachelor Thesis in Business Administration', '9.5'),
('23107', 'Cost and Management Accounting I', '7.5'),
('23108', 'Marketing Issues in an International Context', '7.5'),
('23109', 'Global and Local Marketing Strategies', '7.5'),
('23110', 'International Marketing', '9.5'),
('23111', 'Organization Basics', '7.5'),
('23112', 'Introduction to Commercial Law', '9.5'),
('23113', 'Econometrics', '7.5'),
('23114', 'Labour economics', '7.5'),
('23125', 'Risk Management', '7.5'),
('23126', 'Solar energy systems for buildings', '7.5'),
('23148', 'Bachelor Thesis in Business Administration', '9.5'),
('23159', 'Stress and Conflict Management', '7.5'),
('23190', 'Economics', '6.0'),
('23194', 'Business Administration', '6.0'),
('23197', 'CFD Modelling', '7.5'),
('23207', 'CFD Modelling', '7.5'),
('23210', 'Simulation and Modelling', '7.5'),
('24000', 'Artificial Intelligence', '7.5'),
('24001', 'Component Technologies', '7.5'),
('24002', 'Distributed Software Development', '7.5'),
('24003', 'Research Methods in the Natural Sciences and Engineering', '7.5'),
('24004', 'Introduction to Artificial Intelligens', '7.5'),
('24005', 'Game Design and Software Engineering', '7.5'),
('24006', 'Software Engineering 1: Basic Course', '7.5'),
('24007', 'Embedded systems I', '7.5'),
('24008', 'Project Methodology', '7.5'),
('24009', 'Project in Advanced Embedded Systems', '9.5'),
('24010', 'Model-Driven Engineering', '7.5'),
('24011', 'Foresight and Scenario Design', '6.0'),
('24012', 'Competitive Production Systems', '7.5'),
('24013', 'Project Management', '9.5'),
('24014', 'Industrial Excellence', '7.5'),
('24020', 'Industrial System Development', '7.5'),
('24021', 'Learning systems', '7.5'),
('24022', 'Software Verification and Validation', '7.5'),
('24023', 'Computers and Philosophy', '6.0'),
('24024', 'Software Engineering 2: Project teamwork', '7.5'),
('24025', 'Parallell Systems', '7.5'),
('24026', 'Safety Critical Systems Engineering', '7.5'),
('24027', 'Embedded systems II', '7.5'),
('24028', 'Project in embedded systems', '7.5'),
('24029', 'Production and Logistics Planning', '7.5'),
('24030', 'Sensor technique', '7.5'),
('24031', 'Formal Languages, Automata and Theory of Computation', '7.5'),
('24035', '3D-Modeling - Basic Skills', '7.5'),
('24036', 'Cross Disciplinary Production', '6.0'),
('24037', 'Beyond Fashion', '9.5'),
('24038', 'Multicultural Improvisation', '7.5');

-- --------------------------------------------------------

--
-- Table structure for table  student 
--

CREATE TABLE  student  (
   studentID  varchar(10) NOT NULL,
   studentName  varchar(12) DEFAULT NULL,
   studentSurname  varchar(14) DEFAULT NULL,
   dateOfEnroll  date DEFAULT NULL,
   dateOfBirth  date DEFAULT NULL,
   gender  char(1) DEFAULT NULL,
   residenceZipCode  char(5) DEFAULT NULL
) 

--
-- Dumping data for table  student 
--

INSERT INTO  student  ( studentID ,  studentName ,  studentSurname ,  dateOfEnroll ,  dateOfBirth ,  gender ,  residenceZipCode ) VALUES
('100821677', 'Chrysler', 'Dumelow', '2017-10-23', '1998-12-13', 'F', '42207'),
('1014168546', 'Carmita', 'Thomasen', '2014-04-10', '1995-05-08', 'F', '43293'),
('101857829', 'Olivero', 'Annable', '2016-12-03', '1996-06-02', 'M', '49221'),
('1019355441', 'Merrilee', 'Dillinton', '2017-04-27', '1993-10-02', 'F', '52474'),
('1020091622', 'Rodolfo', 'Diamant', '2013-08-24', '1995-03-16', 'M', '51212'),
('1033403350', 'Mathilda', 'Halladay', '2016-11-24', '1995-07-04', 'F', '21317'),
('1036481816', 'Garland', 'Craig', '2012-04-21', '1996-03-29', 'F', '23242'),
('1054948801', 'Harriet', 'Faulks', '2016-11-07', '1996-02-25', 'F', '10361'),
('1057094838', 'Korrie', 'Figgen', '2016-01-03', '1996-06-18', 'F', '40329'),
('1070452033', 'Marv', 'Merrin', '2011-10-05', '1996-02-20', 'M', '20232'),
('1108123783', 'Sumner', 'Stokell', '2014-08-30', '1999-09-28', 'M', '51561'),
('1115113186', 'Malina', 'Hempel', '2016-07-28', '1997-01-28', 'F', '47245'),
('1118834747', 'Ketty', 'Kellart', '2012-08-14', '1997-10-21', 'F', '20218'),
('1119187850', 'Claribel', 'Shurmer', '2013-07-31', '1993-06-19', 'F', '52206'),
('1122432674', 'Edik', 'Beddoe', '2012-07-25', '1998-09-01', 'M', '52204'),
('1129279189', 'Elyse', 'McVeighty', '2013-01-21', '1992-11-24', 'F', '10311'),
('1132939968', 'Becki', 'Else', '2012-10-22', '1993-07-15', 'F', '51325'),
('1156771013', 'Issiah', 'Jirusek', '2016-09-14', '1994-05-29', 'M', '43531'),
('1157889786', 'Caitrin', 'Duckinfield', '2017-05-11', '1996-07-03', 'F', '10316'),
('1163018902', 'Hubert', 'Adame', '2015-05-15', '1995-03-03', 'M', '20226'),
('1165808218', 'Sallyanne', 'MacGaughie', '2011-12-08', '1995-11-04', 'F', '40319'),
('1173119361', 'Hamlin', 'Rembrandt', '2016-06-21', '1994-11-01', 'M', '32276'),
('1176414135', 'Callean', 'Lambdean', '2014-11-02', '1997-09-16', 'M', '32100'),
('1188096257', 'Michail', 'Cockhill', '2014-12-10', '1995-08-06', 'M', '44450'),
('119278480', 'Randal', 'Whitecross', '2014-09-08', '1998-07-10', 'M', '53274'),
('1194315283', 'Griffin', 'Wakeley', '2013-01-19', '1998-05-14', 'M', '51555'),
('1215283075', 'Ardelia', 'Gawthrope', '2013-03-27', '1999-06-28', 'F', '20242'),
('1219695734', 'Daniella', 'Campione', '2012-12-09', '1997-05-26', 'F', '20355'),
('1230200878', 'Vittorio', 'Huetson', '2013-12-20', '1999-08-26', 'M', '42243'),
('1235793508', 'Minny', 'Torrese', '2015-11-22', '1995-02-12', 'F', '53224'),
('1237525934', 'Gian', 'Carty', '2016-03-31', '1995-12-13', 'M', '43500'),
('1252090684', 'Liane', 'Bloxholm', '2014-09-26', '1993-12-29', 'F', '51417'),
('1265435170', 'Cathy', 'Saunton', '2017-07-03', '1997-07-09', 'F', '23284'),
('1272847497', 'Nadia', 'Wildblood', '2017-05-09', '1999-09-06', 'F', '21460'),
('1272876578', 'Alfonse', 'Matteo', '2013-02-08', '1999-04-21', 'M', '32249'),
('1274983258', 'Stanleigh', 'Pibworth', '2012-11-07', '1999-10-18', 'M', '23440'),
('1293883476', 'Mariellen', 'Catling', '2015-09-04', '1998-07-21', 'F', '49295'),
('1301865834', 'Denny', 'Scottesmoor', '2016-05-03', '1996-04-30', 'M', '52426'),
('1312006315', 'Moe', 'Arnoult', '2014-02-23', '1992-12-11', 'M', '21255'),
('1353558304', 'Coreen', 'Abrams', '2011-04-28', '1994-12-31', 'F', '22214'),
('1355417791', 'Merilee', 'Bittlestone', '2016-07-09', '1993-09-03', 'F', '47204'),
('1359389989', 'Ruddie', 'McVrone', '2011-06-20', '1995-08-11', 'M', '53233'),
('1372854568', 'Corrie', 'Myford', '2015-05-16', '1997-01-14', 'F', '33517'),
('1373156058', 'Mariette', 'Fellnee', '2016-06-29', '1994-09-28', 'F', '43500'),
('1382384920', 'Sophi', 'Phython', '2015-03-29', '1995-01-21', 'F', '52231'),
('1392949262', 'Hortense', 'Faraday', '2016-11-21', '1996-08-20', 'F', '32244'),
('1397159391', 'Callie', 'Perrottet', '2015-02-07', '1993-03-14', 'F', '52402'),
('1424074975', 'Mirna', 'Sharphurst', '2013-11-19', '1995-07-20', 'F', '34315'),
('1426881614', 'Yehudit', 'Kaplan', '2011-03-02', '1999-03-18', 'M', '22301'),
('1435331958', 'Tanitansy', 'Klejin', '2011-02-05', '1999-09-16', 'F', '10292'),
('1463576102', 'Darrelle', 'Maloney', '2015-03-29', '1997-02-19', 'F', '51521'),
('1465313664', 'Zebulon', 'Clabburn', '2012-03-04', '1994-01-07', 'M', '32239'),
('1476093334', 'Jorey', 'Finlow', '2010-11-01', '1997-01-17', 'F', '52475'),
('1482776537', 'Kirby', 'Pargiter', '2015-07-17', '1996-12-02', 'F', '33518'),
('1483411052', 'Prudy', 'Hollidge', '2016-08-17', '1999-06-30', 'F', '10381'),
('1515444066', 'Dulcy', 'Fearon', '2011-04-03', '1995-08-09', 'F', '21483'),
('1521288879', 'Rhody', 'Spenclay', '2016-08-01', '1994-02-27', 'F', '42214'),
('1522642595', 'Jim', 'Simunek', '2011-08-28', '1993-03-08', 'M', '20246'),
('1523193514', 'Ema', 'Juhruke', '2016-09-30', '1993-09-19', 'F', '52403'),
('1533282277', 'Terri-jo', 'Haney ', '2011-05-31', '1999-02-24', 'F', '40320'),
('153410442', 'Lesley', 'Stute', '2013-06-13', '1994-12-04', 'M', '53273'),
('1538927748', 'Craggie', 'Novotne', '2012-11-16', '1995-01-17', 'M', '40326'),
('1555628516', 'Niels', 'Yantsurev', '2017-01-19', '1994-07-12', 'M', '44213'),
('1556920202', 'Patric', 'Loadman', '2014-03-07', '1993-09-15', 'M', '51215'),
('1577545095', 'Jean', 'Nobles', '2012-02-09', '1997-01-28', 'F', '35201'),
('1585793469', 'Yolane', 'Merrick', '2013-11-08', '1993-06-03', 'F', '51552'),
('1595244816', 'Remus', 'Winram', '2012-02-27', '1998-04-23', 'M', '44202'),
('1598261541', 'Simona', 'Bernardi', '2015-09-09', '1997-01-30', 'F', '32276'),
('1607375834', 'Debee', 'Vauls', '2012-02-05', '1994-03-31', 'F', '20270'),
('1628177586', 'Enos', 'Haggath', '2017-06-29', '1996-07-13', 'M', '21469'),
('163436681', 'Lanie', 'Roumier', '2016-09-10', '1997-08-27', 'M', '44440'),
('1661150276', 'Reinhard', 'Abrahamian', '2012-03-03', '1996-04-09', 'M', '10432'),
('1669744418', 'Danni', 'Dowker', '2011-08-02', '1994-02-07', 'F', '10417'),
('1703139003', 'Barth', 'Woodrow', '2017-01-10', '1999-07-19', 'M', '20244'),
('1714859509', 'Emmy', 'Holson', '2011-12-21', '1997-12-11', 'M', '53260'),
('1723636290', 'Ronnica', 'Zoppie', '2015-08-14', '1996-02-15', 'F', '21241'),
('1725953099', 'Merrill', 'McCullough', '2012-04-07', '1993-01-16', 'M', '43270'),
('1726905195', 'Damaris', 'Tearney', '2015-12-03', '1996-10-25', 'F', '20270'),
('1731006934', 'Janean', 'Kowalik', '2017-06-17', '1996-11-15', 'F', '21465'),
('1734757604', 'Patrizio', 'Cornill', '2015-04-26', '1996-02-26', 'M', '20270'),
('1759149861', 'Leslie', 'Calvie', '2015-01-21', '1998-03-11', 'F', '23223'),
('1759156094', 'Claudius', 'Delph', '2016-04-13', '1999-04-08', 'M', '52220'),
('1766081541', 'Merrill', 'Castanos', '2016-08-15', '1994-08-06', 'M', '10362'),
('1767593384', 'Travers', 'Lafayette', '2013-06-19', '1994-06-17', 'M', '10413'),
('1785916947', 'Izabel', 'Buntain', '2011-09-27', '1998-06-18', 'F', '52420'),
('1794870318', 'Taite', 'Jentle', '2017-02-19', '1994-05-28', 'M', '20272'),
('1805367293', 'Sloan', 'Nickolls', '2014-04-07', '1999-07-06', 'M', '43507'),
('1807671259', 'Norbert', 'Pyecroft', '2015-05-23', '1997-12-12', 'M', '51225'),
('180859072', 'Bobine', 'Dyerson', '2013-11-29', '1994-12-08', 'F', '44211'),
('1813534063', 'Gabe', 'Antoniutti', '2011-01-08', '1994-11-09', 'M', '21483'),
('1814494138', 'Jonell', 'Squeers', '2013-03-22', '1993-06-23', 'F', '21403'),
('1821002717', 'Valdemar', 'Robelin', '2015-05-20', '1995-11-07', 'M', '51329'),
('1828298867', 'Nevin', 'Knell', '2014-12-25', '1996-09-21', 'M', '40322'),
('1832277275', 'See', 'Grosier', '2017-09-04', '1993-11-19', 'M', '20353'),
('1832570843', 'Valina', 'Karp', '2013-04-13', '1998-05-30', 'F', '47302'),
('1835178626', 'Jillian', 'Arber', '2013-08-20', '1993-03-13', 'F', '23244'),
('1837415366', 'Roderigo', 'Dwerryhouse', '2014-01-28', '1994-02-04', 'M', '22324'),
('1839188065', 'Lutero', 'Schottli', '2016-12-24', '1999-01-27', 'M', '43272'),
('1839926473', 'Bendick', 'Trippick', '2017-04-05', '1998-01-15', 'M', '22212'),
('1886281858', 'Roobbie', 'Petricek', '2015-12-28', '1995-12-18', 'F', '22221'),
('1893736636', 'Jenni', 'Croney', '2016-07-08', '1996-06-27', 'F', '34315'),
('1900643162', 'Godfree', 'Rastrick', '2010-12-03', '1998-04-10', 'M', '32221'),
('1908887036', 'Tyson', 'Dingate', '2012-03-25', '1996-04-29', 'M', '52422'),
('1918080917', 'Pancho', 'Cavanagh', '2013-09-29', '1993-12-07', 'M', '23242'),
('1918581460', 'Paolo', 'Cess', '2010-11-30', '1994-02-03', 'M', '10291'),
('1927782899', 'Ophelia', 'Cheltnam', '2016-06-20', '1999-08-24', 'F', '52428'),
('192886487', 'Kellina', 'Johanssen', '2016-10-27', '1993-06-07', 'F', '51557'),
('192961756', 'Selle', 'Grabeham', '2012-04-20', '1994-07-11', 'F', '32246'),
('1930564112', 'Elaine', 'Durant', '2013-09-11', '1998-01-29', 'F', '49000'),
('1933824875', 'Gavan', 'Driuzzi', '2017-08-16', '1997-06-06', 'M', '23243'),
('1936779595', 'Ericka', 'Svanetti', '2012-02-23', '1994-12-23', 'F', '10314'),
('1937969215', 'Tobias', 'Tyre', '2011-07-16', '1998-04-08', 'M', '23223'),
('193962993', 'Garrik', 'Amesbury', '2016-03-28', '1998-10-02', 'M', '52332'),
('1940161339', 'Wolf', 'Coil', '2012-04-02', '1994-11-09', 'M', '23283'),
('1947329596', 'Jordain', 'Ingold', '2017-10-04', '1998-11-01', 'F', '21292'),
('1948231158', 'Brice', 'Marcroft', '2014-12-25', '1995-06-23', 'M', '40315'),
('1953727433', 'Derby', 'Erickssen', '2010-11-23', '1997-11-25', 'M', '40313'),
('1957770872', 'Staford', 'Cawsby', '2012-12-25', '1995-05-13', 'M', '21242'),
('196428572', 'Seward', 'Ravilious', '2014-08-19', '1994-05-25', 'M', '21241'),
('1970868414', 'Marita', 'Karpeev', '2012-04-25', '1996-10-02', 'F', '51265'),
('1975747380', 'Leonerd', 'Hanster', '2013-04-05', '1998-11-29', 'M', '10432'),
('1979856494', 'Tod', 'Wiggington', '2011-05-26', '1997-12-19', 'M', '20342'),
('1982988096', 'Doloritas', 'Cathro', '2010-12-04', '1995-10-31', 'F', '21252'),
('1984880314', 'Anthia', 'Rodgers', '2014-08-19', '1993-05-12', 'F', '23283'),
('1991516347', 'Joseph', 'Dench', '2013-07-06', '1997-01-17', 'M', '23264'),
('2006810642', 'Spike', 'Bowkley', '2013-11-04', '1994-02-24', 'M', '23231'),
('2017660582', 'Tabb', 'Henrique', '2013-12-31', '1997-03-23', 'M', '20232'),
('2072992672', 'Bianca', 'Parsonage', '2011-05-05', '1997-05-23', 'F', '22320'),
('2084994632', 'Genevieve', 'Troucher', '2016-05-18', '1999-03-05', 'F', '21242'),
('2086261268', 'Perkin', 'Doldon', '2016-06-06', '1993-06-03', 'M', '52465'),
('2107733740', 'Bradney', 'Feldon', '2014-08-30', '1995-07-05', 'M', '47241'),
('2116558816', 'Veriee', 'Nyssen', '2014-05-12', '1994-01-24', 'F', '21262'),
('2127557743', 'Darci', 'Brighouse', '2016-08-15', '1995-03-05', 'F', '48214'),
('2128477174', 'Pearla', 'Minchenton', '2013-04-12', '1995-11-07', 'F', '35428'),
('2135618934', 'Germaine', 'Wathell', '2016-12-08', '1995-06-12', 'M', '52231'),
('2141800781', 'Caritta', 'Yashnov', '2014-04-19', '1999-07-14', 'F', '51253'),
('2159343641', 'Rosita', 'Mannooch', '2013-03-16', '1997-10-06', 'F', '40311'),
('2167837208', 'Scot', 'Baillie', '2011-12-25', '1994-11-22', 'M', '51550'),
('2170961178', 'Quint', 'Sprosson', '2016-10-18', '1997-09-10', 'M', '32242'),
('2174841630', 'Tucker', 'Maven', '2013-01-29', '1993-05-15', 'M', '42243'),
('2178785743', 'Leonelle', 'Zimek', '2014-04-05', '1996-06-09', 'F', '21465'),
('2182624104', 'Freddi', 'Oguz', '2015-04-24', '1993-04-15', 'F', '43231'),
('2184582751', 'Naoma', 'Labrenz', '2015-01-24', '1996-03-09', 'F', '32213'),
('2186608537', 'Scarlett', 'Raubheim', '2013-05-02', '1995-05-02', 'F', '51556'),
('2210275172', 'Eduardo', 'Scorey', '2015-08-15', '1996-12-13', 'M', '44321'),
('2210440661', 'Helenka', 'Challicum', '2016-08-02', '1997-10-12', 'F', '44010'),
('2223619681', 'Carrissa', 'McNirlan', '2011-06-15', '1997-09-23', 'F', '22030'),
('2228424323', 'Johann', 'Liffey', '2013-04-17', '1995-07-10', 'M', '52462'),
('2239360305', 'Imogene', 'Vitet', '2016-06-13', '1997-08-26', 'F', '52428'),
('2248046391', 'Jessamine', 'Copes', '2012-05-16', '1996-07-24', 'F', '35107'),
('2250965552', 'Zed', 'Kleszinski', '2017-05-20', '1997-08-27', 'M', '48356'),
('2251492534', 'Nikki', 'Vittery', '2017-08-07', '1996-04-23', 'M', '23274'),
('2255521806', 'Thacher', 'Mytton', '2017-06-08', '1995-02-04', 'M', '21460'),
('2261047282', 'Matilda', 'Mordaunt', '2015-11-21', '1999-10-20', 'F', '32251'),
('2270969391', 'Errick', 'Wooffitt', '2013-08-08', '1994-02-16', 'M', '20341'),
('2278806254', 'Rosabella', 'Newhouse', '2010-10-29', '1994-04-12', 'F', '52425'),
('2281637182', 'Pepillo', 'Champneys', '2012-07-05', '1993-11-26', 'M', '34308'),
('228186102', 'Pier', 'Alwin', '2012-12-17', '1996-04-19', 'F', '20223'),
('2281935698', 'Justinn', 'Spellessy', '2011-08-06', '1998-12-16', 'F', '52462'),
('2289128708', 'Sashenka', 'Clace', '2017-02-02', '1997-10-15', 'F', '51222'),
('2300973839', 'Violette', 'Teape', '2012-04-22', '1999-02-05', 'F', '10342'),
('2303517842', 'Arielle', 'Hylton', '2017-08-31', '1997-07-21', 'F', '10411'),
('2320498710', 'Karla', 'Marion', '2014-12-05', '1999-03-12', 'F', '23226'),
('2328018572', 'Rafi', 'Connaughton', '2016-12-18', '1995-05-27', 'M', '52449'),
('2330175884', 'Walton', 'Meese', '2012-05-21', '1998-01-05', 'M', '22243'),
('2345839570', 'Jedidiah', 'Ivey', '2013-04-02', '1996-12-28', 'M', '21403'),
('2353124380', 'Elena', 'Artis', '2015-01-04', '1996-05-11', 'F', '33514'),
('2382024240', 'Rickey', 'Ault', '2011-10-21', '1996-11-16', 'M', '48327'),
('2384940686', 'Biddie', 'Tacon', '2012-12-13', '1994-04-10', 'F', '33404'),
('2402584653', 'Tansy', 'Halladey', '2012-12-07', '1998-01-30', 'F', '23285'),
('2402767596', 'Caryl', 'Stanbridge', '2013-02-18', '1997-11-04', 'F', '49216'),
('2407754212', 'Urbano', 'Ker', '2016-01-07', '1998-04-12', 'M', '52333'),
('2412748225', 'Carling', 'Simants', '2011-09-11', '1995-04-25', 'M', '52449'),
('2416941275', 'Agace', 'La Grange', '2017-02-21', '1993-12-25', 'F', '53213'),
('2420022823', 'Maximilien', 'France', '2016-04-08', '1995-01-02', 'M', '43251'),
('2432989716', 'Celestina', 'Hixson', '2016-12-21', '1997-06-13', 'F', '23420'),
('2436747253', 'Rita', 'Pitkeathley', '2011-09-29', '1994-08-29', 'F', '44213'),
('245890289', 'Zandra', 'Derycot', '2015-01-04', '1997-10-31', 'F', '10382'),
('2459305729', 'Larissa', 'Mosey', '2011-12-30', '1998-12-06', 'F', '10343'),
('2470590876', 'Vinny', 'Phelit', '2017-02-25', '1998-04-03', 'F', '21403'),
('2477265377', 'Mariam', 'Curnnokk', '2012-03-06', '1993-10-26', 'F', '51217'),
('249662213', 'Alastair', 'Skipping', '2012-12-11', '1998-09-19', 'M', '10411'),
('2505389020', 'Vittorio', 'Roseborough', '2013-08-03', '1999-09-27', 'M', '40305'),
('2514041414', 'Karola', 'Formigli', '2016-10-31', '1997-04-10', 'F', '51281'),
('2523855127', 'Alvira', 'Cubbino', '2013-08-12', '1998-05-29', 'F', '42202'),
('2546052624', 'Vail', 'Fearns', '2013-12-01', '1998-02-03', 'M', '32275'),
('2548621669', 'Ezekiel', 'Penwright', '2011-04-12', '1997-05-26', 'M', '10000'),
('2564724930', 'Vallie', 'Swalwel', '2015-07-30', '1994-06-05', 'F', '52221'),
('2567481257', 'Fleming', 'Meadus', '2016-04-09', '1998-01-23', 'M', '52423'),
('2597874133', 'Harriet', 'Goodban', '2014-07-12', '1996-09-01', 'F', '51243'),
('2599969050', 'Marlow', 'Cornils', '2013-03-05', '1994-10-08', 'M', '20340'),
('2602607614', 'Benedick', 'Gavrielli', '2016-11-29', '1999-06-24', 'M', '52422'),
('2622532334', 'Sharai', 'Mullaly', '2012-09-18', '1998-09-05', 'F', '20226'),
('2626402249', 'Victor', 'Ure', '2012-10-11', '1999-02-02', 'M', '22232'),
('2630844013', 'Elka', 'Goadbie', '2012-10-04', '1995-06-18', 'F', '42231'),
('2635537534', 'Cleveland', 'Durrell', '2013-09-09', '1995-04-15', 'M', '33410'),
('2643832639', 'Gunar', 'Wigg', '2016-03-27', '1998-12-02', 'M', '33518'),
('2644396727', 'Dar', 'Wybron', '2016-12-13', '1997-06-08', 'M', '21246'),
('2650823054', 'Kendre', 'Sitlinton', '2015-02-10', '1995-05-26', 'F', '43531'),
('266303625', 'Torry', 'Lathleiffure', '2011-01-21', '1999-09-08', 'M', '51252'),
('2664489631', 'Marice', 'Laurand', '2014-01-15', '1993-01-12', 'F', '35404'),
('2670663877', 'Fan', 'Hummerston', '2010-12-21', '1997-05-05', 'F', '32249'),
('2672081506', 'Cristie', 'Parnell', '2014-05-11', '1995-12-08', 'F', '43290'),
('2684944016', 'Kissiah', 'Balchin', '2015-02-26', '1995-01-11', 'F', '40327'),
('2688012428', 'Matthiew', 'Pavlov', '2014-03-06', '1999-10-06', 'M', '48327'),
('2690696657', 'Dodie', 'Lomen', '2015-11-05', '1993-09-23', 'F', '23249'),
('2697443908', 'Romola', 'Norvell', '2013-09-23', '1995-02-28', 'F', '42255'),
('2706969717', 'Margo', 'Ephson', '2016-02-14', '1994-12-14', 'F', '33520'),
('271505117', 'Nathaniel', 'Sparrowe', '2015-09-04', '1995-01-20', 'M', '10370'),
('2718174889', 'Dunn', 'Winman', '2014-09-20', '1995-07-13', 'M', '20270'),
('2735833526', 'Colleen', 'Pittoli', '2017-04-17', '1992-11-16', 'F', '20215'),
('2741961069', 'Zollie', 'Van Halen', '2017-08-15', '1996-12-12', 'M', '52222'),
('2789834636', 'Emmalynne', 'Viccary', '2016-05-04', '1994-07-10', 'F', '44272'),
('2797021789', 'Mohammed', 'Haselwood', '2013-11-16', '1993-02-25', 'M', '33406'),
('2814530178', 'Deny', 'Febvre', '2010-12-29', '1996-02-27', 'F', '32229'),
('2848267569', 'Benjie', 'Deguara', '2011-03-10', '1997-04-06', 'M', '51562'),
('2860857192', 'Perkin', 'Thorlby', '2014-09-16', '1996-03-14', 'M', '35430'),
('2868220738', 'Berky', 'Cumberledge', '2012-02-27', '1998-01-25', 'M', '52221'),
('2870271719', 'Celinda', 'Parvin', '2014-02-07', '1992-11-12', 'F', '47240'),
('287466361', 'Sharon', 'Vasilchikov', '2017-09-28', '1995-11-29', 'F', '23248'),
('287522857', 'Lemmie', 'Maynell', '2017-04-20', '1998-01-12', 'M', '51242'),
('2879815231', 'Dalli', 'Poetz', '2015-09-09', '1995-04-07', 'M', '48264'),
('2885362944', 'Somerset', 'Haglington', '2011-09-08', '1993-08-24', 'M', '43226'),
('289030374', 'Stavro', 'Flaunders', '2014-11-18', '1999-02-01', 'M', '20217'),
('2893433510', 'Thekla', 'Pulteneye', '2015-09-08', '1992-12-18', 'F', '35214'),
('290240360', 'Marlon', 'Kear', '2012-09-03', '1996-12-31', 'M', '35214'),
('2902930577', 'Bellanca', 'Wrankmore', '2012-01-07', '1995-12-30', 'F', '44317'),
('2915397120', 'Magdalena', 'Prestney', '2015-10-28', '1997-03-08', 'F', '51262'),
('2916924914', 'Ancell', 'Youle', '2011-05-29', '1993-09-26', 'M', '53234'),
('291867405', 'Giana', 'Bingham', '2014-05-15', '1998-05-13', 'F', '51329'),
('2920637525', 'Pooh', 'Leonards', '2014-12-23', '1996-04-15', 'M', '48326'),
('2933904306', 'Nathan', 'Casse', '2011-07-21', '1995-06-14', 'M', '10345'),
('2938165854', 'Myrvyn', 'Ivasyushkin', '2012-09-07', '1997-03-30', 'M', '44316'),
('2945113120', 'Cleveland', 'Heaton', '2012-02-29', '1994-08-01', 'M', '40305'),
('2946549232', 'Olvan', 'Egentan', '2013-11-13', '1998-12-10', 'M', '51417'),
('2976358', 'Solomon', 'Klemt', '2013-02-18', '1998-10-05', 'M', '40315'),
('2981126830', 'Beryl', 'Zanussii', '2017-03-16', '1995-04-23', 'F', '48322'),
('2991530243', 'Marlie', 'Schule', '2013-02-10', '1993-02-21', 'F', '21430'),
('2996091868', 'Joleen', 'Bruno', '2015-04-16', '1999-10-17', 'F', '22310'),
('3000629653', 'Ailsun', 'Bulcroft', '2011-06-22', '1999-06-11', 'F', '22324'),
('3004075350', 'Clayborn', 'Taynton', '2012-11-24', '1997-11-01', 'M', '10457'),
('3024965165', 'Candice', 'Tytterton', '2013-03-02', '1998-06-10', 'F', '20217'),
('3034064438', 'Erhard', 'Dryburgh', '2012-12-05', '1998-11-07', 'M', '48332'),
('3044757002', 'Marven', 'Gaskarth', '2012-07-15', '1994-12-12', 'M', '23423'),
('3070743420', 'Clair', 'Bullent', '2016-01-18', '1993-05-11', 'F', '21246'),
('3075024759', 'Bernie', 'Myrick', '2016-07-27', '1994-07-22', 'F', '21250'),
('3097413545', 'Kippar', 'McMenemy', '2014-02-17', '1994-05-02', 'M', '47212'),
('3122875101', 'Audy', 'Flagg', '2017-08-01', '1995-07-16', 'F', '21462'),
('3143389842', 'Zabrina', 'McPake', '2014-11-13', '1998-08-06', 'F', '42233'),
('314657568', 'Massimo', 'Burke', '2012-12-10', '1993-01-11', 'M', '21404'),
('3148661257', 'Maddalena', 'Iggulden', '2015-08-31', '1997-01-04', 'F', '51515'),
('3182159437', 'Vanna', 'Bentje', '2012-04-19', '1998-12-16', 'F', '33514'),
('3183475189', 'Martie', 'Dougherty', '2016-08-27', '1997-02-13', 'M', '51265'),
('3189763623', 'Colin', 'Bulley', '2011-01-21', '1994-08-07', 'M', '53260'),
('3197436598', 'Pansie', 'Perrin', '2015-07-13', '1994-03-25', 'F', '51561'),
('3218259428', 'Berkly', 'Blunt', '2012-10-07', '1993-09-11', 'M', '23295'),
('3224393378', 'Chevalier', 'Tregea', '2013-02-15', '1994-02-12', 'M', '42250'),
('3230806344', 'Carly', 'Runham', '2017-06-29', '1994-05-20', 'M', '23271'),
('3236027991', 'Jaimie', 'Huddle', '2011-08-11', '1996-06-23', 'F', '47303'),
('3268024718', 'Kati', 'Tweedy', '2014-10-14', '1997-10-27', 'F', '40327'),
('3277239764', 'Zacharie', 'Tayspell', '2012-01-30', '1995-09-24', 'M', '10294'),
('3290496910', 'Alfons', 'Caldaro', '2017-07-23', '1994-09-06', 'M', '21256'),
('3308296756', 'Vladamir', 'McAllester', '2016-07-02', '1998-12-17', 'M', '21483'),
('3316263349', 'Athena', 'Sante', '2013-11-16', '1996-01-14', 'F', '51215'),
('3319597175', 'Torrence', 'Bulteel', '2010-12-20', '1996-03-26', 'M', '34335'),
('3327074542', 'Boy', 'Klimkiewich', '2014-02-15', '1997-09-29', 'M', '47240'),
('334624983', 'Ty', 'Rustedge', '2015-04-17', '1992-12-09', 'M', '51305'),
('3346313395', 'Ardys', 'Blamire', '2014-05-08', '1996-08-23', 'F', '20355'),
('3368185578', 'Xerxes', 'Galiero', '2014-11-01', '1999-07-16', 'M', '53234'),
('3372687043', 'April', 'Rickersey', '2011-05-04', '1993-01-03', 'F', '47000'),
('3384548116', 'Tracy', 'Trainor', '2017-10-25', '1998-07-17', 'M', '23210'),
('3388619093', 'Gregor', 'Decourcy', '2013-11-18', '1997-07-25', 'M', '52404'),
('3388985294', 'Elene', 'Ainsby', '2014-06-08', '1997-07-02', 'F', '48306'),
('3411842385', 'Alastair', 'Garmen', '2016-01-14', '1999-03-19', 'M', '51211'),
('3418557740', 'Ebba', 'Smead', '2013-03-11', '1994-01-12', 'F', '32000'),
('3429602742', 'Randi', 'Corrington', '2014-03-26', '1993-10-28', 'M', '42203'),
('3450750593', 'Cross', 'Want', '2013-08-26', '1995-12-17', 'M', '43247'),
('3452591123', 'Broderic', 'Bullion', '2011-01-24', '1994-02-04', 'M', '44317'),
('3484024178', 'Jacky', 'Spadazzi', '2017-09-04', '1994-02-02', 'F', '51221'),
('3493474857', 'Dalli', 'Sellick', '2017-08-11', '1999-08-07', 'M', '33520'),
('3503915591', 'Carey', 'Scotchmur', '2012-12-06', '1994-04-23', 'F', '10362'),
('3506433504', 'Annice', 'McComish', '2015-04-10', '1999-09-13', 'F', '51311'),
('3527377182', 'Loise', 'Maclaine', '2011-12-29', '1997-03-23', 'F', '48362'),
('3542333654', 'Dorris', 'Mozzetti', '2014-09-18', '1998-09-26', 'F', '49234'),
('3553723580', 'Marten', 'Shulem', '2014-12-23', '1993-12-06', 'M', '20244'),
('3569890740', 'Lorant', 'Eberst', '2014-06-23', '1992-10-28', 'M', '43247'),
('3572286719', 'Nathanil', 'Kingzeth', '2011-12-19', '1993-11-15', 'M', '23232'),
('3572415640', 'Vernen', 'Hutten', '2014-07-07', '1997-11-21', 'M', '44320'),
('3574556500', 'Mallory', 'Takle', '2017-09-28', '1999-06-09', 'F', '23222'),
('3584629705', 'Delly', 'Jiricka', '2015-04-14', '1994-01-18', 'F', '51227'),
('3593871580', 'Roarke', 'Bladon', '2017-10-03', '1996-01-07', 'M', '23241'),
('3598912390', 'Pamela', 'Cullnean', '2016-02-11', '1998-04-08', 'F', '49246'),
('3613493721', 'Rorke', 'Rootes', '2010-12-06', '1998-03-06', 'M', '34334'),
('3622231181', 'Fairfax', 'Prandin', '2016-06-20', '1997-06-08', 'M', '51305'),
('3625848023', 'Leicester', 'Jennison', '2015-10-25', '1997-08-07', 'M', '32276'),
('364420529', 'Bord', 'Burdas', '2015-05-28', '1996-12-16', 'M', '10431'),
('3650955431', 'Gilligan', 'Jamson', '2012-02-01', '1997-07-30', 'F', '51329'),
('3663955842', 'Dulcea', 'Loach', '2013-01-12', '1994-08-09', 'F', '51281'),
('3672790559', 'Lilla', 'Brosius', '2011-02-13', '1995-05-31', 'F', '44211'),
('3675975487', 'Eula', 'Pollicott', '2016-01-03', '1998-01-29', 'F', '20205'),
('3677500346', 'Donia', 'Emerton', '2013-01-04', '1995-09-11', 'F', '10040'),
('368415368', 'Lyndsey', 'Woolston', '2014-09-07', '1993-01-10', 'F', '47264'),
('3684390372', 'Care', 'Pattingson', '2017-10-07', '1999-01-30', 'M', '21467'),
('3695489227', 'Gaylene', 'Ricketts', '2016-06-05', '1995-09-20', 'F', '20340'),
('3718671557', 'Heddi', 'Couche', '2014-10-29', '1997-11-22', 'F', '21242'),
('3725932689', 'Marcello', 'Ullock', '2013-06-21', '1996-03-07', 'M', '51556'),
('3737238162', 'Minetta', 'Szymczyk', '2016-04-13', '1996-03-20', 'F', '43290'),
('3744842738', 'Abba', 'Primarolo', '2016-04-04', '1997-04-15', 'M', '40326'),
('3750319936', 'Sayre', 'Antoniades', '2015-09-08', '1993-10-19', 'M', '43231'),
('3759015255', 'Juli', 'Binks', '2017-04-18', '1997-10-16', 'F', '23222'),
('3759961835', 'Bendick', 'Ellwood', '2013-06-18', '1996-09-05', 'M', '35107'),
('3783654467', 'Alexi', 'Van den Oord', '2013-09-23', '1995-09-12', 'F', '23312'),
('3786078424', 'Dannie', 'Rosin', '2014-02-25', '1995-10-10', 'F', '49284'),
('3788523441', 'Dario', 'Valencia', '2013-05-16', '1994-07-27', 'M', '47240'),
('3819193324', 'Nye', 'Degoy', '2017-01-31', '1993-10-30', 'M', '51418'),
('3826789318', 'Florian', 'Nuccitelli', '2013-11-10', '1996-03-07', 'M', '21403'),
('3862823989', 'Clementia', 'Tidcomb', '2011-04-17', '1999-07-29', 'F', '48363'),
('3872356941', 'Abbe', 'Grindell', '2011-09-16', '1993-12-29', 'M', '47241'),
('3900094233', 'Norris', 'Coade', '2015-09-02', '1996-06-16', 'M', '10295'),
('3901525254', 'Mira', 'Bowyer', '2012-09-18', '1993-09-22', 'F', '23296'),
('391084445', 'Francine', 'Curlis', '2015-04-15', '1994-07-02', 'F', '23450'),
('3935063318', 'Alverta', 'Wealleans', '2011-02-23', '1994-05-31', 'F', '22310'),
('394013174', 'Daron', 'Victor', '2017-02-25', '1995-05-09', 'F', '33520'),
('3957398193', 'Frasco', 'Corkell', '2012-09-30', '1997-02-17', 'M', '49253'),
('3981659996', 'Zackariah', 'Harrower', '2014-05-04', '1993-08-20', 'M', '21244'),
('3993273176', 'Lauraine', 'Guthrie', '2012-01-21', '1993-07-03', 'F', '43505'),
('401489426', 'Inesita', 'Roofe', '2011-02-18', '1998-08-05', 'F', '47241'),
('4019836574', 'Bartholomeus', 'Gogerty', '2016-10-27', '1993-08-30', 'M', '47250'),
('4022803711', 'Reynard', 'Caps', '2017-06-16', '1997-01-07', 'M', '20344'),
('4025085054', 'Richart', 'Simone', '2017-07-23', '1995-12-17', 'M', '42254'),
('403081947', 'Gabriello', 'Sparry', '2011-10-30', '1998-06-28', 'M', '21400'),
('4037623080', 'Camila', 'Jurca', '2010-12-01', '1998-05-30', 'F', '51325'),
('4041505569', 'Kory', 'Bathow', '2013-05-06', '1998-03-03', 'M', '40315'),
('404460135', 'Tailor', 'Sottell', '2017-04-06', '1997-07-13', 'M', '49246'),
('4049063972', 'Damien', 'Goozee', '2011-09-02', '1996-05-11', 'M', '47251'),
('4055214405', 'Kiele', 'Buss', '2012-08-07', '1998-08-19', 'F', '51306'),
('4069426892', 'Maurizia', 'Lerway', '2016-11-24', '1997-06-15', 'F', '44316'),
('4073576135', 'Mischa', 'Jakubovitch', '2017-09-03', '1996-09-06', 'M', '42231'),
('4074911027', 'Glenn', 'Lintall', '2015-11-29', '1993-09-07', 'M', '10456'),
('4089707986', 'Etti', 'Kitcat', '2016-06-24', '1992-11-24', 'F', '20248'),
('413612759', 'Adlai', 'Casaro', '2011-08-16', '1998-07-20', 'M', '32233'),
('4142961071', 'Staffard', 'Archell', '2013-07-03', '1998-10-28', 'M', '51313'),
('4146009596', 'Mort', 'Gillan', '2013-04-09', '1997-05-13', 'M', '20225'),
('4156895629', 'Anne', 'Ruperto', '2016-10-20', '1995-09-17', 'F', '51242'),
('4170321464', 'Cathryn', 'Frayling', '2013-05-31', '1996-05-02', 'F', '47286'),
('4171408490', 'Harwilll', 'Garrity', '2015-02-01', '1996-11-10', 'M', '47212'),
('4186570477', 'Neilla', 'Badrick', '2015-04-19', '1997-10-21', 'F', '20244'),
('4191537954', 'Ailene', 'Bernadot', '2011-02-08', '1998-05-23', 'F', '21483'),
('4214344006', 'Tilda', 'Newling', '2017-03-27', '1994-01-05', 'F', '21334'),
('4225284115', 'Pip', 'Dochon', '2013-08-15', '1994-09-26', 'M', '35107'),
('4226372751', 'Garv', 'Dudenie', '2017-01-01', '1999-03-29', 'M', '32227'),
('42272572', 'Donn', 'Crysell', '2012-10-01', '1994-03-05', 'M', '52211'),
('4233889365', 'Bern', 'Meates', '2011-10-18', '1994-10-12', 'M', '44211'),
('4253632831', 'Alexio', 'Ovize', '2011-06-06', '1995-03-06', 'M', '43290'),
('4261489651', 'Kellen', 'Meugens', '2016-10-02', '1993-11-05', 'F', '20223'),
('4268639020', 'Lorena', 'Ellington', '2016-02-02', '1994-01-08', 'F', '52204'),
('4280698775', 'Cori', 'Lukovic', '2013-09-26', '1993-09-05', 'F', '20232'),
('4283409081', 'Hadleigh', 'Privett', '2011-09-25', '1996-01-26', 'M', '21460'),
('4286778134', 'Alister', 'Saturley', '2014-05-21', '1999-02-08', 'M', '20343'),
('4290154433', 'Petronia', 'Mitchel', '2011-10-13', '1996-07-15', 'F', '23247'),
('4304850156', 'Clem', 'Clouston', '2011-04-19', '1995-05-24', 'M', '49244'),
('432691596', 'Randie', 'McCarrick', '2014-05-13', '1994-04-23', 'F', '21465'),
('434374806', 'Morgan', 'Paoletti', '2013-12-18', '1994-05-19', 'M', '23243'),
('434580953', 'Dillon', 'Plessing', '2013-02-05', '1997-11-10', 'M', '33407'),
('434715751', 'Juliette', 'Gregoriou', '2011-08-25', '1996-01-27', 'F', '49222'),
('4349362045', 'Ianthe', 'Tilberry', '2011-04-26', '1995-06-17', 'F', '22321'),
('4349770623', 'Konrad', 'Enrico', '2016-08-13', '1998-04-08', 'M', '21261'),
('4371075037', 'Keen', 'Aguanno', '2016-12-01', '1999-05-07', 'M', '21267'),
('4380086798', 'Traci', 'Alvy', '2013-04-30', '1997-11-28', 'F', '21325'),
('4382091365', 'Brent', 'Lyburn', '2011-09-09', '1998-07-03', 'M', '10435'),
('4383766595', 'Stewart', 'Muff', '2016-02-15', '1999-02-15', 'M', '34543'),
('4422799843', 'Wesley', 'Moulding', '2011-04-16', '1999-08-15', 'M', '47250'),
('442420048', 'Gaylor', 'Hawthorne', '2015-02-21', '1994-05-03', 'M', '35214'),
('4430082936', 'Kirsten', 'Newe', '2015-03-31', '1996-02-16', 'F', '10257'),
('4430790701', 'Elberta', 'Assad', '2014-02-26', '1996-11-20', 'F', '21266'),
('444382178', 'Moyna', 'Blasetti', '2017-04-19', '1996-02-15', 'F', '21323'),
('4446867202', 'Gabriello', 'Gerretsen', '2017-02-07', '1999-04-22', 'M', '23263'),
('4450464451', 'Peter', 'Doerren', '2011-01-03', '1994-06-08', 'M', '42242'),
('4456594837', 'Christoffer', 'Mucillo', '2017-06-23', '1996-01-29', 'M', '32272'),
('4458283774', 'Ricca', 'Barras', '2014-07-31', '1997-03-22', 'F', '49231'),
('4481016736', 'Klarrisa', 'Maffy', '2014-03-04', '1994-02-23', 'F', '23226'),
('450476170', 'Antoni', 'Ellit', '2017-03-24', '1994-09-26', 'M', '34334'),
('4519548314', 'Carlita', 'Franceschielli', '2015-07-12', '1992-12-24', 'F', '35214'),
('4525910070', 'Gordie', 'Rouf', '2016-08-28', '1999-03-09', 'M', '51264'),
('4540743643', 'Jori', 'Meachen', '2013-03-14', '1993-04-08', 'F', '32247'),
('4542483193', 'Louella', 'Glasscott', '2012-10-25', '1996-05-03', 'F', '10257'),
('4545708374', 'Barbabas', 'Bennen', '2016-03-22', '1995-06-09', 'M', '22211'),
('4555680545', 'Gay', 'Dilke', '2011-11-12', '1999-08-05', 'M', '22323'),
('4561106995', 'Delinda', 'Moorwood', '2016-10-04', '1996-04-24', 'F', '49232'),
('458837628', 'Murry', 'Dogherty', '2017-05-13', '1998-07-27', 'M', '51241'),
('4588587390', 'Dale', 'Marshal', '2013-09-01', '1999-04-16', 'F', '23249'),
('4597336737', 'Ardyce', 'Wankling', '2011-09-26', '1995-08-20', 'F', '21265'),
('4607041750', 'Keelby', 'Ventum', '2012-05-03', '1997-02-03', 'M', '48269'),
('462911942', 'Shepherd', 'Gegay', '2011-03-18', '1999-01-28', 'M', '44213'),
('4639251858', 'Panchito', 'Lappine', '2015-10-10', '1999-02-18', 'M', '40315'),
('4640670052', 'Federico', 'Aizic', '2016-12-18', '1996-07-04', 'M', '22203'),
('4640888937', 'Nealson', 'Stevens', '2012-02-09', '1999-03-31', 'M', '10435'),
('4649812836', 'Dale', 'Faivre', '2011-10-30', '1994-03-19', 'F', '53294'),
('4681721514', 'Durward', 'Moulster', '2011-01-21', '1998-08-05', 'M', '21425'),
('46878971', 'Judie', 'Foxworthy', '2014-04-20', '1997-03-14', 'F', '21244'),
('4695247704', 'Jemie', 'Pechell', '2015-05-29', '1995-11-06', 'F', '44321'),
('4695424975', 'Karlan', 'Sibley', '2017-07-24', '1999-05-13', 'M', '51215'),
('4708689357', 'Cookie', 'Thaxton', '2014-07-20', '1998-02-19', 'F', '33406'),
('4714307061', 'Michelle', 'Van der Kruys', '2014-02-05', '1994-03-01', 'F', '48306'),
('4736767189', 'Gloriana', 'Tendahl', '2014-08-28', '1993-10-12', 'F', '35250'),
('4743416574', 'Ulric', 'Bachelar', '2017-08-07', '1997-07-16', 'M', '44272'),
('4755402395', 'Efrem', 'Wisdom', '2014-08-06', '1993-09-16', 'M', '52208'),
('475658450', 'Fields', 'Shiril', '2015-08-29', '1994-12-05', 'M', '10381'),
('4781982670', 'Heywood', 'Gasparro', '2016-12-06', '1994-06-02', 'M', '20218'),
('4795586152', 'Chase', 'Pellamonuten', '2013-04-04', '1998-08-29', 'M', '10430'),
('4795614679', 'Ives', 'Cullin', '2012-05-08', '1993-02-14', 'M', '32251'),
('4799689223', 'Carlita', 'Smithen', '2012-08-18', '1996-11-12', 'F', '21262'),
('4800107407', 'Alan', 'Barrs', '2016-01-01', '1994-11-21', 'M', '47303'),
('481439617', 'Erwin', 'Billham', '2013-04-08', '1997-01-05', 'M', '20352'),
('4814853793', 'Kare', 'Currine', '2015-03-29', '1993-06-19', 'F', '23420'),
('4822422364', 'Cooper', 'Gillanders', '2016-12-26', '1997-09-27', 'M', '21430'),
('4825022898', 'Alejandro', 'Levene', '2015-06-23', '1993-01-22', 'M', '44273'),
('4835081609', 'Ramsay', 'Frusher', '2012-04-09', '1999-08-19', 'M', '42233'),
('4835143477', 'Milena', 'Hands', '2015-06-09', '1999-05-02', 'F', '33520'),
('4839551790', 'Abie', 'Greest', '2016-12-25', '1996-11-27', 'M', '23271'),
('488349273', 'Ashlen', 'Escoffier', '2012-11-27', '1997-04-11', 'F', '44324'),
('4905526787', 'Doe', 'Sherston', '2015-11-15', '1992-11-28', 'F', '20205'),
('4906974600', 'Javier', 'Benzies', '2015-10-08', '1999-10-21', 'M', '42243'),
('4919968450', 'Jedediah', 'Bowdery', '2015-08-02', '1998-11-23', 'M', '34340'),
('4924561142', 'Grethel', 'Palfreyman', '2012-08-08', '1995-03-14', 'F', '22205'),
('4935547596', 'Rik', 'Wessell', '2011-01-10', '1998-05-30', 'M', '10343'),
('4947779241', 'Ambrosio', 'Longwood', '2014-04-26', '1999-05-03', 'M', '23294'),
('4954887038', 'Paulo', 'Fermer', '2011-07-27', '1994-06-30', 'M', '52425'),
('4963291371', 'Gretta', 'Van der Linde', '2011-12-24', '1999-08-04', 'F', '35107'),
('4965081463', 'Amelie', 'Steptow', '2017-06-01', '1999-08-08', 'F', '20270'),
('4970873836', 'Grady', 'Goding', '2013-11-02', '1999-10-20', 'M', '21311'),
('4972921587', 'Stephi', 'Howerd', '2014-04-30', '1997-05-29', 'F', '21254'),
('4980124305', 'Ivette', 'Halfacre', '2017-06-06', '1998-03-27', 'F', '40313'),
('4994093261', 'Phaedra', 'Bottini', '2013-09-12', '1994-01-31', 'F', '49216'),
('499766385', 'Bengt', 'Chaney', '2016-12-16', '1994-09-03', 'M', '49233'),
('5001075807', 'Josephine', 'Hindmore', '2015-06-04', '1998-10-10', 'F', '22205'),
('5002708102', 'Glori', 'Fosdyke', '2014-12-29', '1995-08-05', 'F', '23312'),
('5033663194', 'Inesita', 'Challener', '2015-11-10', '1997-01-03', 'F', '23000'),
('5035808971', 'Sashenka', 'Hunton', '2017-08-17', '1994-10-25', 'F', '21277'),
('5039724004', 'Lucian', 'Friatt', '2011-07-10', '1994-05-07', 'M', '10090'),
('5051058655', 'Kellsie', 'Duxbury', '2014-10-30', '1993-11-21', 'F', '53212'),
('5059110419', 'Zuzana', 'Blowfield', '2016-01-30', '1994-02-04', 'F', '42214'),
('5062320097', 'Brande', 'Stollman', '2017-08-24', '1995-06-27', 'F', '49232'),
('5065585865', 'Nikos', 'MacMychem', '2013-08-07', '1997-09-18', 'M', '21253'),
('5069863177', 'Vanny', 'Aulby', '2014-10-31', '1995-04-28', 'F', '51551'),
('5089605785', 'Yankee', 'Leblanc', '2013-04-14', '1998-07-28', 'M', '47272'),
('5102518828', 'Clarinda', 'Whyborn', '2010-11-06', '1995-12-01', 'F', '20234'),
('5112903570', 'Lorelei', 'Playle', '2017-04-23', '1995-03-18', 'F', '34343'),
('5122633568', 'Phaedra', 'Lindeberg', '2013-07-27', '1996-02-28', 'F', '42231'),
('5125435996', 'Moss', 'Antley', '2016-03-06', '1999-01-01', 'M', '21450'),
('5135103384', 'Katinka', 'Izen', '2014-06-27', '1997-08-28', 'F', '52206'),
('5135334580', 'Matti', 'Collabine', '2015-02-16', '1993-06-03', 'F', '23000'),
('5176971488', 'Katy', 'Francesco', '2015-01-03', '1998-10-01', 'F', '47262'),
('5187377132', 'Pattie', 'Donahue', '2015-07-01', '1994-08-08', 'F', '40326'),
('5189369005', 'Bryanty', 'Rolse', '2012-04-01', '1997-03-27', 'M', '21318'),
('5195491607', 'Veronique', 'Riste', '2014-08-06', '1994-03-19', 'F', '44317'),
('5196360158', 'Vilhelmina', 'Faull', '2011-07-19', '1995-11-05', 'F', '51215'),
('5197002964', 'Gladi', 'Karpmann', '2015-05-13', '1995-03-17', 'F', '35214'),
('5231328146', 'Leelah', 'Loyley', '2017-06-24', '1996-08-09', 'F', '51552'),
('5236161754', 'Leann', 'Tinline', '2017-06-01', '1993-12-02', 'F', '48000'),
('5236175259', 'Christie', 'Petheridge', '2011-09-08', '1993-03-01', 'M', '42243'),
('5241884769', 'Felicle', 'Stirling', '2015-03-24', '1995-02-11', 'F', '21262'),
('525771875', 'Dusty', 'Wixon', '2015-12-09', '1997-01-18', 'F', '20207'),
('5263998015', 'Bruis', 'Galbreth', '2016-06-16', '1992-11-28', 'M', '34543'),
('5268468758', 'Garey', 'Quail', '2017-06-25', '1996-07-18', 'M', '43284'),
('5272631552', 'Aryn', 'Pontefract', '2012-10-05', '1998-12-15', 'F', '23286'),
('5289463550', 'Betty', 'Ismail', '2014-02-20', '1994-03-26', 'F', '10000'),
('5304938151', 'Georgena', 'Islip', '2012-01-29', '1994-12-07', 'F', '21254'),
('5311946695', 'Evelyn', 'MacKim', '2012-03-26', '1999-08-12', 'F', '43231'),
('5319867018', 'Perry', 'Sandcroft', '2017-05-02', '1992-12-12', 'M', '20244'),
('5321006229', 'Nye', 'Mioni', '2016-03-14', '1998-01-21', 'M', '10419'),
('5322737731', 'Grannie', 'Pollett', '2014-11-29', '1995-02-11', 'M', '44250'),
('533323533', 'Al', 'Cawson', '2011-01-23', '1995-02-27', 'M', '20352'),
('5338612461', 'Kalinda', 'Lenoir', '2016-07-13', '1995-10-29', 'F', '20226'),
('5341694104', 'Marcellus', 'Pell', '2014-11-13', '1999-07-30', 'M', '10380'),
('5350083392', 'Pat', 'Marcam', '2015-03-01', '1996-01-08', 'F', '40320'),
('535459998', 'Karine', 'Bemand', '2014-03-01', '1997-12-01', 'F', '20267'),
('5356218532', 'Lonna', 'Roz', '2011-07-13', '1996-03-04', 'F', '40326'),
('5358315306', 'Ericka', 'McIlharga', '2011-07-02', '1994-04-16', 'F', '23212'),
('5365820282', 'Giff', 'Niccols', '2017-09-08', '1996-12-03', 'M', '44450'),
('5366911850', 'Mitchael', 'Demangeot', '2015-03-28', '1998-05-10', 'M', '32242'),
('5374825372', 'Maury', 'Barnson', '2014-03-29', '1996-01-04', 'M', '51214'),
('5385741892', 'Fern', 'Plessing', '2012-06-26', '1999-06-29', 'F', '21275'),
('5404723556', 'Polly', 'Gundrey', '2016-11-14', '1993-05-18', 'F', '52440'),
('5405233846', 'Alisha', 'Mulder', '2015-03-09', '1993-09-19', 'F', '52466'),
('5418337750', 'Alina', 'Gounot', '2013-12-07', '1994-02-01', 'F', '22320'),
('5433401200', 'Carver', 'Felstead', '2016-12-14', '1992-11-01', 'M', '20264'),
('5440400621', 'Germayne', 'Grabert', '2012-04-20', '1998-01-11', 'M', '32284'),
('5448611206', 'Lancelot', 'Margetson', '2017-08-22', '1999-03-09', 'M', '32242'),
('5451128871', 'Lotty', 'Borborough', '2014-11-11', '1993-09-17', 'F', '10295'),
('5467683195', 'Pernell', 'Longfellow', '2015-07-06', '1996-06-09', 'M', '35201'),
('5473965415', 'Bondy', 'Chessill', '2014-09-07', '1995-10-14', 'M', '20213'),
('5474208286', 'Stepha', 'Crippell', '2015-02-19', '1996-06-20', 'F', '23247'),
('5481648628', 'Kellyann', 'Durker', '2016-11-19', '1995-03-31', 'F', '21310'),
('549492100', 'Alejandrina', 'McCaughen', '2012-07-29', '1994-05-08', 'F', '51556'),
('5513779145', 'Dorelle', 'Kembley', '2014-07-22', '1998-04-04', 'F', '10380'),
('5513795906', 'Lorianne', 'Shorte', '2015-07-09', '1997-06-11', 'F', '43226'),
('5515406575', 'Annmaria', 'Booler', '2011-06-03', '1999-03-23', 'F', '43211'),
('5519949387', 'Freddy', 'Gundrey', '2011-08-08', '1996-01-31', 'F', '43233'),
('5521128069', 'Nelia', 'Nutbeem', '2015-08-26', '1998-01-14', 'F', '52332'),
('5529333117', 'Donnie', 'Hein', '2013-03-27', '1993-09-25', 'M', '47000'),
('5539477073', 'Elwin', 'Redparth', '2016-02-07', '1999-02-06', 'M', '51241'),
('554603330', 'Neely', 'Cottage', '2012-10-17', '1994-08-28', 'F', '47280'),
('5562882655', 'Eugen', 'Van der Son', '2017-06-28', '1997-12-24', 'M', '10360'),
('5569781366', 'Dulcine', 'Grinin', '2010-11-25', '1993-02-23', 'F', '22204'),
('5575202933', 'Lauri', 'Melanaphy', '2014-11-21', '1994-10-29', 'F', '40320'),
('5578311032', 'Jacinda', 'Simco', '2015-12-21', '1993-04-28', 'F', '23000'),
('5606386623', 'Waly', 'Greder', '2012-10-14', '1992-12-07', 'F', '44330'),
('5617737554', 'Gussi', 'Stagg', '2013-12-23', '1995-10-22', 'F', '52423'),
('5633925238', 'Giuseppe', 'Spurritt', '2010-12-28', '1999-04-25', 'M', '10380'),
('5634386640', 'Pearl', 'Le Marquand', '2015-06-23', '1994-05-04', 'F', '47201'),
('5664490462', 'Gannon', 'Dobeson', '2012-09-02', '1994-08-25', 'M', '32246'),
('5667010615', 'Padriac', 'Schettini', '2014-09-14', '1995-07-22', 'M', '43274'),
('5670636090', 'Trevor', 'Andrysek', '2011-08-02', '1997-03-26', 'M', '32275'),
('5671400945', 'Garvy', 'Grigaut', '2014-01-11', '1993-02-04', 'M', '53274'),
('5675768513', 'Katya', 'Wallbridge', '2017-09-12', '1994-05-27', 'F', '21483'),
('5685517815', 'Adina', 'Tellenbrok', '2017-10-07', '1992-12-11', 'F', '47272'),
('5698439265', 'Kathi', 'Youthead', '2013-10-16', '1998-07-26', 'F', '47281'),
('5713610179', 'Etan', 'Andreichik', '2016-02-06', '1998-05-03', 'M', '21273'),
('5746490784', 'Salli', 'Markel', '2013-10-18', '1998-05-18', 'F', '23272'),
('5750327337', 'Brendin', 'Skivington', '2011-06-19', '1996-07-07', 'M', '51415'),
('5760519735', 'arcy', 'Greenacre', '2017-10-22', '1999-07-01', 'M', '20218'),
('5762737098', 'Theodore', 'Fretter', '2011-09-11', '1994-07-07', 'M', '51311'),
('5765814530', 'Raimund', 'Barnsdall', '2015-07-31', '1993-06-15', 'M', '33000'),
('577455133', 'Niki', 'Dubose', '2015-03-10', '1995-07-21', 'F', '10383'),
('577700286', 'Raeann', 'MacCrackan', '2015-09-20', '1992-12-20', 'F', '32247'),
('5779394121', 'Jarrad', 'Dimitriades', '2011-05-09', '1996-04-04', 'M', '48214'),
('5793717137', 'Sayres', 'Johananoff', '2013-07-09', '1997-05-31', 'M', '51554'),
('5795376884', 'Noelani', 'Fake', '2013-06-21', '1998-08-02', 'F', '32271'),
('5824230668', 'Brenden', 'Gianullo', '2016-11-15', '1998-02-16', 'M', '34308'),
('5838030151', 'Sayres', 'Reggler', '2012-08-25', '1993-06-03', 'M', '21238'),
('5843243826', 'Denys', 'Hemshall', '2014-03-28', '1997-03-24', 'F', '10382'),
('5850449108', 'Benetta', 'Print', '2016-09-05', '1997-10-06', 'F', '53230'),
('5856072189', 'Gerry', 'Jozsika', '2012-09-24', '1996-12-14', 'M', '23281'),
('585643385', 'Curr', 'Hovenden', '2015-12-31', '1998-03-09', 'M', '20269'),
('5865554999', 'Henrie', 'Kingzet', '2015-10-09', '1999-09-16', 'F', '44010'),
('5871869645', 'Charity', 'Warrilow', '2014-10-29', '1992-11-08', 'F', '33412'),
('5872425481', 'Leese', 'Dunniom', '2016-01-09', '1998-05-24', 'F', '23222'),
('5876619973', 'Shell', 'Custy', '2017-01-24', '1995-05-04', 'M', '21276'),
('5882930103', 'Veronique', 'Maron', '2017-08-03', '1992-12-13', 'F', '44435'),
('5883240089', 'Alvis', 'Elsey', '2017-02-16', '1993-11-03', 'M', '21314'),
('5889657763', 'Ivette', 'Waud', '2013-06-30', '1998-05-03', 'F', '33412'),
('5909518844', 'Terrance', 'Burdett', '2012-04-05', '1996-01-22', 'M', '20245'),
('5926583268', 'Angelita', 'Shulem', '2015-07-15', '1998-05-30', 'F', '23271'),
('5949151925', 'Shelbi', 'Ambroisin', '2012-06-15', '1996-11-16', 'F', '21425'),
('5954415765', 'Elly', 'Cleminson', '2016-09-27', '1996-10-16', 'F', '49255'),
('5967504524', 'Town', 'Mayger', '2017-06-11', '1993-11-11', 'M', '32256'),
('5970522317', 'Boonie', 'Seres', '2014-02-21', '1997-03-13', 'M', '32221'),
('5976834701', 'Rhodie', 'Cadd', '2013-11-16', '1996-12-04', 'F', '22320'),
('5990383770', 'Anny', 'Pickhaver', '2012-03-11', '1999-07-24', 'F', '51266'),
('599064366', 'Salaidh', 'Kellock', '2011-03-31', '1993-11-29', 'F', '32246'),
('5995244094', 'Marje', 'Tuckey', '2014-08-02', '1998-11-29', 'F', '21245'),
('6006297671', 'Matt', 'Brass', '2012-07-03', '1999-04-12', 'M', '21483'),
('6008229606', 'Camala', 'Tewkesbury', '2016-07-31', '1994-11-28', 'F', '20218'),
('6011296033', 'Lionello', 'De Domenico', '2013-05-29', '1999-04-23', 'M', '33000'),
('6015879424', 'Bernette', 'Lurner', '2011-08-25', '1999-08-23', 'F', '43284'),
('6025319626', 'Bard', 'Schruurs', '2015-01-28', '1998-03-07', 'M', '20215'),
('6031666170', 'Quintilla', 'Merwood', '2015-03-18', '1996-07-18', 'F', '52332'),
('6035427421', 'Karole', 'Frazier', '2015-08-03', '1996-10-24', 'F', '53202'),
('6052137983', 'Daniella', 'Mordey', '2016-06-12', '1993-07-04', 'F', '20341'),
('60742259', 'Codi', 'Rounsivall', '2014-01-06', '1994-05-12', 'F', '52440'),
('6085986637', 'Thorstein', 'Gronou', '2016-09-30', '1998-07-14', 'M', '52211'),
('6086136564', 'Doyle', 'Baudrey', '2012-09-13', '1997-05-17', 'M', '21276'),
('6107205322', 'Ardyce', 'Boerder', '2013-09-26', '1993-04-21', 'F', '20210'),
('6108632607', 'Jervis', 'Lusher', '2014-07-12', '1994-04-13', 'M', '51262'),
('6110073474', 'Hartwell', 'Beames', '2011-04-21', '1998-11-11', 'M', '21233'),
('6133101458', 'Sergio', 'Poizer', '2016-01-05', '1994-10-05', 'M', '49232'),
('6133293489', 'Robinia', 'Gifford', '2017-04-07', '1997-12-06', 'F', '21233'),
('6144311890', 'Gerrilee', 'Louis', '2017-10-22', '1997-01-11', 'F', '42206'),
('6153393063', 'Eben', 'Arton', '2015-02-02', '1994-08-24', 'M', '44213'),
('615589286', 'Linet', 'Barten', '2015-01-08', '1998-05-23', 'F', '22324'),
('6164805856', 'Kimberly', 'Ribbon', '2015-03-14', '1994-02-21', 'F', '23264'),
('6171666092', 'Ado', 'Ferns', '2015-04-25', '1994-06-08', 'M', '47302'),
('6172912852', 'Betteanne', 'Blaik', '2011-06-10', '1994-07-13', 'F', '32242'),
('6174611833', 'Harp', 'Skeech', '2011-04-03', '1997-07-13', 'M', '23247'),
('6176428297', 'Isahella', 'Butlin', '2014-01-22', '1997-06-13', 'F', '32229'),
('6182490462', 'Audy', 'Hasely', '2015-02-18', '1999-05-11', 'F', '44201'),
('6182617594', 'Emmett', 'Ching', '2013-11-17', '1997-10-14', 'M', '51314'),
('6202110376', 'Dana', 'Wiskar', '2011-10-24', '1995-07-31', 'F', '22243'),
('6207638840', 'Derek', 'Twidale', '2016-03-25', '1998-11-20', 'M', '22221'),
('62135279', 'Neilla', 'Lambertz', '2015-12-12', '1997-04-22', 'F', '10432'),
('6227054615', 'Terza', 'Hoofe', '2016-09-08', '1995-08-03', 'F', '49290'),
('6248652996', 'Jens', 'Bentick', '2017-06-18', '1999-03-14', 'M', '33517'),
('6253346245', 'Maurie', 'Reed', '2010-11-15', '1993-06-10', 'M', '33522'),
('6263351039', 'Jordan', 'Bonanno', '2011-03-15', '1994-03-18', 'F', '47285'),
('6264750239', 'Darb', 'Guinnane', '2013-11-08', '1999-02-18', 'M', '34334'),
('6289227564', 'Alec', 'Tatford', '2015-03-08', '1995-06-24', 'M', '20340'),
('6313217225', 'Northrop', 'Grishmanov', '2016-01-26', '1996-02-29', 'M', '51313'),
('6320242205', 'Vernen', 'McCotter', '2014-09-22', '1997-08-20', 'M', '20218'),
('6329161437', 'Vinnie', 'Adds', '2012-09-26', '1993-08-30', 'F', '32235'),
('6336721477', 'Willis', 'Crewdson', '2015-03-20', '1997-09-09', 'M', '40324'),
('6361354377', 'Merv', 'Paddie', '2011-03-26', '1998-01-16', 'M', '35209'),
('6366141800', 'Blakeley', 'Redier', '2017-09-23', '1998-06-10', 'F', '21245'),
('638301386', 'Aveline', 'Faldo', '2014-12-02', '1998-07-30', 'F', '10430'),
('6393248300', 'Jennine', 'Killingbeck', '2013-11-10', '1997-01-17', 'F', '23210'),
('6405300609', 'Meade', 'Kent', '2010-11-20', '1996-02-08', 'F', '51564'),
('6436228896', 'Leonhard', 'Cobbing', '2015-11-15', '1994-04-07', 'M', '21469'),
('6437063165', 'Reider', 'Mounfield', '2013-06-09', '1995-12-30', 'M', '20271'),
('6437832460', 'Bunnie', 'Stanmore', '2015-03-24', '1999-10-01', 'F', '52204'),
('6440256351', 'Hortense', 'Bryett', '2014-11-23', '1997-08-24', 'F', '21454'),
('6455913361', 'Wakefield', 'Diver', '2015-10-14', '1992-12-26', 'M', '51303'),
('6462455675', 'Catina', 'Malser', '2016-03-28', '1994-04-05', 'F', '53233'),
('6502034292', 'Michal', 'Damerell', '2013-10-07', '1997-08-05', 'M', '23210'),
('6504780323', 'Ab', 'Buss', '2012-08-11', '1996-12-15', 'M', '20215'),
('6518446951', 'Essa', 'Mairs', '2011-10-09', '1999-10-20', 'F', '35430'),
('652400779', 'Kellen', 'Barlthrop', '2013-10-06', '1992-12-26', 'M', '20234'),
('6536255720', 'Gunar', 'Dorbon', '2017-01-08', '1995-01-24', 'M', '49243'),
('6550412919', 'Delphine', 'Sapp', '2015-10-19', '1993-12-25', 'F', '51322'),
('6559904679', 'Garwin', 'Gotthard', '2015-08-07', '1999-09-10', 'M', '22212'),
('657942227', 'Maridel', 'Hankard', '2017-05-22', '1993-10-14', 'F', '22322'),
('6591664580', 'Ingunna', 'Bridgett', '2017-10-15', '1994-01-22', 'F', '44211'),
('6596396541', 'Creigh', 'Reeks', '2014-07-21', '1996-08-15', 'M', '10363'),
('6620962831', 'Theodosia', 'Turmall', '2011-05-08', '1999-10-10', 'F', '22214'),
('6635267107', 'Rachelle', 'Pelman', '2015-03-09', '1997-10-22', 'F', '32284'),
('6659959602', 'Carny', 'Ambage', '2014-02-06', '1993-06-08', 'M', '52428'),
('6663262564', 'Wilhelm', 'Connick', '2012-07-08', '1999-07-19', 'M', '47262'),
('6674402044', 'Gottfried', 'Rivenzon', '2015-08-14', '1997-01-13', 'M', '10110'),
('6699144715', 'Davey', 'Trowill', '2011-07-21', '1993-11-27', 'M', '32247'),
('6713477593', 'Tildy', 'Guidelli', '2017-03-28', '1997-08-03', 'F', '10435'),
('671394606', 'Lyle', 'Henrych', '2012-10-23', '1995-09-10', 'M', '10341'),
('671705083', 'Alma', 'Peegrem', '2017-02-09', '1994-06-04', 'F', '43500'),
('6721897113', 'Bud', 'Binford', '2013-08-02', '1999-07-16', 'M', '47261'),
('6734565408', 'Mychal', 'Dows', '2010-11-24', '1997-01-16', 'M', '32256'),
('6741982493', 'Celesta', 'Molesworth', '2016-06-17', '1996-01-25', 'F', '51215'),
('6762192637', 'Twyla', 'McClinton', '2016-02-17', '1997-01-13', 'F', '52444'),
('6772936329', 'Millie', 'Garwood', '2016-11-10', '1996-11-12', 'F', '22233'),
('6790153357', 'Cathryn', 'Carrack', '2014-11-20', '1999-06-21', 'F', '32258'),
('6803057267', 'Risa', 'Karys', '2014-09-29', '1998-10-04', 'F', '21323'),
('68182198', 'Bondie', 'Corser', '2014-10-01', '1996-04-06', 'M', '21315'),
('6819096046', 'Darla', 'Chapell', '2015-05-24', '1994-01-20', 'F', '51517'),
('6827123863', 'Ambros', 'Dew', '2014-03-26', '1998-01-20', 'M', '33411'),
('6827165868', 'Ariadne', 'Shemmin', '2011-09-05', '1994-07-03', 'F', '53224'),
('6827958019', 'Konstance', 'Slowgrave', '2014-07-08', '1995-01-23', 'F', '21423'),
('6829514193', 'Engelbert', 'Dowbekin', '2013-01-13', '1995-12-15', 'M', '10360'),
('6880735509', 'Gonzales', 'Beaton', '2016-02-06', '1993-07-20', 'M', '33407'),
('6885665339', 'Kean', 'Valler', '2012-12-10', '1993-09-11', 'M', '21238'),
('6891540682', 'Leupold', 'Cannam', '2012-05-23', '1998-02-27', 'M', '23283'),
('6894584702', 'Wendie', 'Kimbley', '2017-10-21', '1994-05-04', 'F', '44213'),
('689532202', 'Abby', 'Preist', '2016-03-20', '1999-05-29', 'M', '51227'),
('6896093455', 'Berta', 'Tolumello', '2014-12-24', '1994-07-01', 'F', '10342'),
('6899551713', 'Hendrika', 'Underhill', '2013-09-15', '1994-03-16', 'F', '20352'),
('6905492531', 'Sallee', 'Reading', '2014-12-20', '1993-11-20', 'F', '51215'),
('6914069743', 'Ezmeralda', 'Hayford', '2011-01-23', '1996-04-01', 'F', '42230'),
('6922851463', 'Blake', 'Ibbs', '2015-06-14', '1995-06-27', 'M', '23440'),
('6927974156', 'Richard', 'McCray', '2013-05-10', '1994-03-07', 'M', '22212'),
('6928799862', 'Ariana', 'Squires', '2015-06-21', '1996-01-15', 'F', '10294'),
('6969233472', 'Claribel', 'Christofle', '2013-04-20', '1996-01-06', 'F', '49240');
INSERT INTO  student  ( studentID ,  studentName ,  studentSurname ,  dateOfEnroll ,  dateOfBirth ,  gender ,  residenceZipCode ) VALUES
('6974883641', 'Esteban', 'Osban', '2012-07-14', '1998-04-09', 'M', '21264'),
('6987413010', 'Laird', 'Cordy', '2013-02-25', '1996-04-05', 'M', '51243'),
('7003153998', 'Dale', 'Brann', '2012-08-31', '1994-09-17', 'M', '44250'),
('7006830990', 'Allison', 'Rown', '2016-08-29', '1994-10-04', 'F', '51325'),
('7027254948', 'Lyndsay', 'Gallant', '2015-01-24', '1995-03-15', 'F', '23296'),
('7036155558', 'Cirilo', 'Charleston', '2015-01-18', '1994-12-21', 'M', '21404'),
('7044092489', 'Rhianna', 'Griffoen', '2013-05-16', '1998-07-28', 'F', '47240'),
('7049055913', 'Munroe', 'Cuzen', '2016-03-27', '1997-03-03', 'M', '43227'),
('7060008829', 'Lorant', 'Pierson', '2015-06-18', '1995-11-27', 'M', '51323'),
('706932250', 'Renell', 'Revens', '2014-11-23', '1994-08-30', 'F', '43232'),
('7072656707', 'Rikki', 'Sedge', '2012-03-08', '1997-08-24', 'F', '52422'),
('7083774994', 'Andrus', 'Broggelli', '2014-06-20', '1997-09-09', 'M', '20343'),
('7096595309', 'Cassi', 'Annets', '2016-02-14', '1998-11-08', 'F', '20217'),
('7099684906', 'Chastity', 'Lidierth', '2012-09-26', '1999-06-02', 'F', '51265'),
('7100764807', 'Chris', 'Exroll', '2016-06-04', '1993-11-23', 'F', '33406'),
('7107348744', 'Karalee', 'Kick', '2013-04-05', '1995-12-25', 'F', '51521'),
('7107568701', 'Gran', 'Flanne', '2012-08-25', '1992-11-25', 'M', '22243'),
('7109064514', 'Elwin', 'Aldrick', '2013-01-15', '1994-05-05', 'M', '10294'),
('7132264400', 'Bax', 'Durnford', '2010-10-28', '1994-06-10', 'M', '21266'),
('7154573058', 'Osbourne', 'Tolle', '2015-04-28', '1993-01-27', 'M', '21271'),
('7166609907', 'Laurens', 'Rowly', '2015-10-19', '1995-01-17', 'M', '23223'),
('7171895068', 'Rey', 'Bartalin', '2015-08-16', '1993-02-15', 'F', '43251'),
('7173799953', 'Marcello', 'Puckrin', '2011-07-06', '1999-01-23', 'M', '10316'),
('7173846862', 'Thatcher', 'Dwire', '2014-10-05', '1998-04-27', 'M', '43231'),
('7182249588', 'Nedi', 'Mateiko', '2013-02-06', '1999-07-08', 'F', '34311'),
('71853316', 'Fraser', 'Verne', '2015-07-25', '1999-04-02', 'M', '23207'),
('7202276720', 'Rurik', 'Allabush', '2011-01-05', '1995-01-15', 'M', '21320'),
('7205268826', 'Fonsie', 'Utteridge', '2016-08-30', '1996-11-22', 'M', '40314'),
('7232790163', 'Thornton', 'Giorgi', '2010-11-26', '1997-08-22', 'M', '42242'),
('7236814490', 'Torey', 'Basili', '2011-05-29', '1996-04-23', 'M', '34311'),
('7244605412', 'Addi', 'Dimmack', '2011-05-05', '1997-06-10', 'F', '22310'),
('7258999663', 'Cullie', 'Dutch', '2012-02-13', '1993-02-13', 'M', '42231'),
('7260221542', 'Saleem', 'Blenkinship', '2012-09-30', '1993-03-22', 'M', '21423'),
('7262623923', 'Gery', 'De Coursey', '2013-05-09', '1999-10-03', 'M', '20344'),
('7273423092', 'Charlton', 'Danilyak', '2013-09-20', '1994-09-04', 'M', '22204'),
('7277081692', 'Ranee', 'Dunseath', '2013-03-21', '1992-11-16', 'F', '47250'),
('7288662535', 'Harlene', 'Mayston', '2015-03-04', '1996-01-21', 'F', '20215'),
('7294970246', 'Rolando', 'Stallibrass', '2012-12-07', '1996-05-17', 'M', '51221'),
('7303367578', 'Jacky', 'Munslow', '2012-08-22', '1996-10-02', 'M', '34322'),
('7328069376', 'Kalle', 'Nyssens', '2014-05-06', '1994-06-28', 'M', '47261'),
('733344003', 'Nisse', 'McCloch', '2011-10-17', '1997-09-14', 'F', '51323'),
('7340098844', 'Alisander', 'Widocks', '2011-09-26', '1993-04-18', 'M', '20272'),
('7351111901', 'Ozzie', 'Wigfield', '2013-11-02', '1999-05-06', 'M', '51500'),
('7368574888', 'Pren', 'Iannini', '2013-04-01', '1999-07-29', 'M', '21333'),
('7377110635', 'Bertram', 'Narracott', '2016-06-14', '1995-09-30', 'M', '10345'),
('7426589978', 'Evered', 'Rickert', '2017-01-16', '1993-01-17', 'M', '48321'),
('7427307348', 'Lorettalorna', 'Shovell', '2016-07-07', '1995-08-23', 'F', '51217'),
('7429984819', 'Davidde', 'Wadlow', '2012-06-17', '1997-08-18', 'M', '10370'),
('7442288731', 'Win', 'Joss', '2016-09-21', '1996-05-24', 'M', '34322'),
('7449319047', 'Lazarus', 'Gundry', '2016-01-29', '1999-06-28', 'M', '20215'),
('7451155900', 'Madalena', 'Canape', '2012-10-07', '1999-07-03', 'F', '48332'),
('7453723353', 'Marylee', 'Keune', '2013-02-18', '1993-03-20', 'F', '10295'),
('7457565000', 'Debbi', 'Naptine', '2011-01-03', '1995-06-20', 'F', '47251'),
('7463770923', 'Lizzy', 'Ryton', '2016-11-25', '1994-06-02', 'F', '42223'),
('7488164881', 'Keslie', 'Blanshard', '2013-07-26', '1993-09-04', 'F', '51325'),
('7514019308', 'Jehu', 'Anders', '2014-07-21', '1997-08-26', 'M', '47303'),
('7536922965', 'Adelaide', 'Ebdin', '2013-06-29', '1997-02-07', 'F', '40314'),
('7542234749', 'Ingrid', 'Murby', '2014-02-17', '1998-05-20', 'F', '49284'),
('7552631813', 'Had', 'Kaming', '2017-02-18', '1998-03-03', 'M', '10290'),
('7559888429', 'Patin', 'Guilloton', '2016-08-09', '1997-06-25', 'M', '20243'),
('756230322', 'Stern', 'Dumphreys', '2017-04-23', '1992-12-22', 'M', '43247'),
('757600972', 'Averell', 'Brosius', '2013-01-17', '1996-09-07', 'M', '53212'),
('7634829013', 'Ed', 'Kinnard', '2014-12-04', '1993-10-26', 'M', '32214'),
('7635784412', 'Cliff', 'Bortoletti', '2012-03-24', '1996-02-11', 'M', '32272'),
('7640270480', 'Ashia', 'Matchett', '2010-12-02', '1993-07-15', 'F', '43270'),
('7642666837', 'Ollie', 'Solesbury', '2011-07-05', '1996-03-10', 'M', '21325'),
('7651060180', 'Margaretta', 'Dodge', '2014-11-05', '1995-02-24', 'F', '10360'),
('7662145077', 'Letti', 'Martignoni', '2016-09-29', '1998-06-17', 'F', '22232'),
('7668616756', 'Kristal', 'Huntall', '2014-03-19', '1997-01-18', 'F', '21450'),
('7668798307', 'Camey', 'Blowfield', '2012-09-30', '1995-01-08', 'M', '20272'),
('7683770744', 'Ivonne', 'Fendlow', '2015-10-30', '1993-11-27', 'F', '20353'),
('7688447232', 'Osbert', 'McGebenay', '2011-04-08', '1998-04-16', 'M', '21276'),
('7700843627', 'Fred', 'Lauga', '2014-04-30', '1995-10-08', 'M', '20350'),
('7710598307', 'Dannie', 'Warder', '2017-03-19', '1997-01-15', 'F', '43000'),
('7719451198', 'Mort', 'Caller', '2012-08-01', '1993-09-24', 'M', '21420'),
('7719844696', 'Prince', 'Courtman', '2016-01-10', '1999-08-01', 'M', '21469'),
('7720346149', 'Karin', 'Porritt', '2013-09-08', '1997-12-27', 'F', '32251'),
('7727497487', 'Neel', 'Cuttle', '2017-08-06', '1992-12-16', 'M', '52444'),
('773066020', 'Alister', 'Camillo', '2012-12-26', '1995-04-21', 'M', '53213'),
('7736749841', 'Danell', 'Mabe', '2016-09-03', '1997-12-20', 'F', '34343'),
('7740255505', 'Birk', 'Ciccarelli', '2012-06-03', '1992-12-31', 'M', '32276'),
('7740959790', 'Sheppard', 'Petrussi', '2016-11-24', '1993-01-27', 'M', '32239'),
('7741110209', 'Kurtis', 'Cureton', '2014-12-15', '1997-10-27', 'M', '20210'),
('7745997097', 'Avictor', 'Wingar', '2012-12-06', '1993-02-05', 'M', '48311'),
('7754575027', 'Michaeline', 'Aisthorpe', '2016-04-11', '1993-01-16', 'F', '35252'),
('7778618133', 'Jana', 'Tirone', '2011-06-23', '1994-04-11', 'F', '53250'),
('77889444', 'Margit', 'Crickmore', '2011-12-08', '1998-12-02', 'F', '43212'),
('7789030361', 'Brion', 'Pincked', '2012-05-16', '1999-02-12', 'M', '47251'),
('7797040982', 'Ailis', 'Ide', '2017-06-19', '1992-10-30', 'F', '10431'),
('7799506784', 'Barnabas', 'Gert', '2017-01-09', '1998-07-12', 'M', '32245'),
('7799900911', 'Bogart', 'Andell', '2017-07-24', '1993-11-02', 'M', '23207'),
('7802680336', 'Cully', 'McCaughey', '2011-09-18', '1999-05-01', 'M', '40314'),
('7811518252', 'Channa', 'Sexstone', '2011-08-27', '1999-03-25', 'F', '33410'),
('7818934766', 'Poppy', 'Harty', '2016-05-04', '1998-08-20', 'F', '10000'),
('7821046159', 'Jaymie', 'Merioth', '2015-01-24', '1997-10-27', 'M', '34550'),
('7831172009', 'Opaline', 'Faltin', '2012-05-01', '1994-11-17', 'F', '20222'),
('7831627154', 'Hobard', 'Rickert', '2013-08-05', '1996-04-21', 'M', '53233'),
('7841036485', 'Regine', 'Want', '2015-01-10', '1994-07-11', 'F', '44450'),
('7869339687', 'Evaleen', 'Joselson', '2010-11-17', '1993-02-07', 'F', '49231'),
('7877414684', 'Morley', 'Janowicz', '2015-03-16', '1997-09-29', 'M', '48269'),
('789010143', 'Nettle', 'Schumacher', '2013-10-21', '1998-06-30', 'F', '44316'),
('7891273405', 'Tome', 'Kirgan', '2015-09-23', '1995-03-02', 'M', '21276'),
('7893004630', 'Odelia', 'Arnout', '2017-05-03', '1997-05-02', 'F', '21327'),
('7933150888', 'Brinn', 'Midson', '2017-05-06', '1998-10-18', 'F', '21312'),
('7935193193', 'Damian', 'Fransoni', '2014-12-09', '1999-03-15', 'M', '44430'),
('7943027426', 'Ivar', 'Paler', '2013-08-25', '1997-04-01', 'M', '23422'),
('7955484525', 'Aland', 'Eykelhof', '2017-06-26', '1994-12-23', 'M', '21404'),
('7958041314', 'Toma', 'Gregr', '2012-01-05', '1994-07-01', 'F', '44330'),
('7960186219', 'Carey', 'Fothergill', '2016-10-26', '1999-07-07', 'M', '53274'),
('7963066184', 'Land', 'Savin', '2015-01-23', '1998-08-17', 'M', '51410'),
('7966066266', 'Barbie', 'Burgisi', '2013-01-07', '1999-09-05', 'F', '51517'),
('7972594198', 'Dean', 'Kurten', '2013-12-04', '1997-07-26', 'M', '20342'),
('7977473143', 'Indira', 'Shetliff', '2017-09-11', '1999-03-09', 'F', '49233'),
('7977629143', 'Cathee', 'Empringham', '2013-10-22', '1996-09-25', 'F', '48269'),
('7980019970', 'Delainey', 'Bunclark', '2016-04-08', '1996-05-17', 'M', '22243'),
('7982524117', 'Charlie', 'Patillo', '2016-10-02', '1992-12-05', 'M', '21323'),
('7988018418', 'Dory', 'Lande', '2014-09-17', '1997-11-29', 'M', '20240'),
('8005572077', 'Trix', 'Puve', '2012-10-06', '1997-03-17', 'F', '23296'),
('8008760281', 'Karrah', 'Mattschas', '2011-10-01', '1993-04-21', 'F', '52231'),
('8010746568', 'Stavro', 'Fance', '2011-11-02', '1996-08-28', 'M', '20215'),
('8026124383', 'Maure', 'Fattori', '2015-01-31', '1992-11-15', 'F', '40322'),
('8026142047', 'Timoteo', 'Paolino', '2015-02-23', '1995-01-22', 'M', '44316'),
('8034776475', 'Glenine', 'Lumbley', '2013-12-20', '1999-04-28', 'F', '20246'),
('8046392944', 'Matt', 'Trustey', '2016-07-30', '1998-12-20', 'M', '42242'),
('8059061720', 'Guido', 'Fullager', '2014-02-21', '1998-01-02', 'M', '47204'),
('8061503646', 'Teodorico', 'Payley', '2016-05-27', '1997-01-11', 'M', '32244'),
('8061827697', 'Claude', 'Chessell', '2013-07-13', '1996-12-10', 'F', '47272'),
('8065819273', 'Temple', 'Sainz', '2014-01-09', '1999-03-13', 'M', '22221'),
('8066709862', 'Sid', 'Breckin', '2013-01-31', '1998-04-16', 'M', '52470'),
('8066854498', 'Halley', 'Minogue', '2011-10-13', '1999-05-23', 'F', '21335'),
('8075183797', 'Rufe', 'Goves', '2016-11-12', '1998-07-04', 'M', '10363'),
('8075950208', 'Bekki', 'Boatwright', '2015-01-03', '1996-02-19', 'F', '32284'),
('8079809755', 'Robinson', 'Filan', '2011-05-25', '1997-09-21', 'M', '21400'),
('8089215459', 'Wilow', 'Drance', '2013-04-05', '1997-01-04', 'F', '21430'),
('8101310606', 'Jolynn', 'Radnedge', '2012-12-04', '1997-05-04', 'F', '51252'),
('8108757088', 'Hayden', 'Bealton', '2014-05-27', '1998-01-25', 'M', '53262'),
('8114698675', 'Henka', 'Johnys', '2013-05-04', '1997-04-07', 'F', '52232'),
('8138723971', 'Ivonne', 'McGlade', '2013-11-27', '1994-07-01', 'F', '51224'),
('814174736', 'Arvy', 'Baroc', '2017-05-31', '1999-07-02', 'M', '43202'),
('814811272', 'Cloe', 'Turmell', '2017-10-11', '1993-06-13', 'F', '10383'),
('8156259491', 'Gabriel', 'Houdmont', '2016-05-11', '1993-09-19', 'M', '21327'),
('8156611500', 'Rollins', 'Delmage', '2012-01-02', '1994-10-07', 'M', '51212'),
('8167382974', 'Jaimie', 'Greatbanks', '2015-04-20', '1996-01-01', 'M', '23250'),
('8170387841', 'Elspeth', 'Matussevich', '2012-11-16', '1997-11-03', 'F', '23251'),
('818438169', 'Arleen', 'Witchard', '2013-12-27', '1997-05-16', 'F', '32284'),
('8190189891', 'Naoma', 'McGrayle', '2014-09-23', '1999-07-07', 'F', '44272'),
('8204743580', 'Irita', 'Graalman', '2015-05-29', '1998-05-28', 'F', '23283'),
('8210088203', 'Rufus', 'Eliesco', '2013-10-25', '1999-04-25', 'M', '47264'),
('8214539420', 'Reid', 'Cuer', '2016-05-07', '1999-08-25', 'M', '51551'),
('8219801964', 'Nana', 'Spittal', '2016-11-16', '1994-02-06', 'F', '49255'),
('8224814742', 'Dyanna', 'Bake', '2012-03-29', '1995-06-29', 'F', '44213'),
('8250357353', 'Marley', 'Denidge', '2011-05-19', '1993-12-02', 'F', '51224'),
('8254165661', 'Thatcher', 'Boys', '2016-09-05', '1997-08-31', 'M', '48306'),
('8254844003', 'Courtnay', 'MacGauhy', '2014-01-24', '1998-07-28', 'M', '33000'),
('8255710426', 'Duffie', 'Georger', '2013-02-03', '1996-01-12', 'M', '20232'),
('8257764590', 'Viviyan', 'Scanlon', '2015-01-13', '1997-07-15', 'F', '35201'),
('8265902239', 'Haywood', 'Brombell', '2012-01-23', '1999-09-08', 'M', '21267'),
('8273949206', 'Cletus', 'Grassot', '2014-05-08', '1996-08-20', 'M', '51322'),
('8284004399', 'Michel', 'Lorman', '2013-03-06', '1995-05-20', 'M', '10372'),
('8287938481', 'Bobbi', 'Hasslocher', '2012-12-13', '1998-10-15', 'F', '21423'),
('8317937437', 'Phillie', 'Littleproud', '2014-01-31', '1993-07-14', 'F', '21251'),
('8324663576', 'Alida', 'Hartigan', '2012-10-23', '1997-06-26', 'F', '51305'),
('8324997490', 'Benedicta', 'Durram', '2012-06-17', '1996-07-28', 'F', '33515'),
('8344492106', 'Diahann', 'Blowen', '2017-01-05', '1995-08-02', 'F', '32242'),
('8348117822', 'Isabelita', 'Donnelly', '2017-01-14', '1995-01-28', 'F', '49234'),
('8356209862', 'Bryce', 'Tomasoni', '2012-01-15', '1994-04-02', 'M', '51214'),
('8366758133', 'Isaak', 'Collopy', '2017-08-04', '1999-03-16', 'M', '34543'),
('8366988023', 'Myles', 'Thormann', '2011-03-22', '1995-02-20', 'M', '20245'),
('8367460634', 'Boote', 'Hiddersley', '2012-12-21', '1993-12-21', 'M', '49222'),
('8369239137', 'Carlo', 'Cheeney', '2011-05-22', '1993-08-12', 'M', '53202'),
('8373294244', 'Amie', 'Scandwright', '2016-11-14', '1998-08-22', 'F', '43272'),
('8383366817', 'Lita', 'Odegaard', '2011-02-07', '1999-04-20', 'F', '51550'),
('8393124778', 'Alex', 'Raphael', '2013-11-26', '1997-06-28', 'F', '32222'),
('8394780377', 'Marris', 'Lurner', '2011-02-22', '1998-06-18', 'F', '40324'),
('8395802609', 'Burg', 'McSwan', '2013-03-23', '1996-11-25', 'M', '35214'),
('8416966443', 'Shirlene', 'Morewood', '2013-06-12', '1993-06-19', 'F', '10250'),
('8420793914', 'Milly', 'Di Nisco', '2012-09-07', '1998-05-30', 'F', '34343'),
('843438290', 'Thatcher', 'Beckensall', '2012-05-25', '1997-07-31', 'M', '33513'),
('8447861740', 'Garrek', 'Korpolak', '2013-05-08', '1993-02-07', 'M', '21323'),
('8471731495', 'Wilma', 'Cowperthwaite', '2016-07-06', '1994-04-24', 'F', '21315'),
('8484703908', 'Blinny', 'Gracewood', '2017-02-26', '1999-08-02', 'F', '32252'),
('8488499825', 'Lazare', 'De Mattei', '2016-01-01', '1994-05-31', 'M', '52220'),
('8492234180', 'Bertrando', 'Clitheroe', '2016-11-13', '1995-05-09', 'M', '48214'),
('8493669458', 'Archibaldo', 'De Pietri', '2017-10-19', '1994-02-09', 'M', '49221'),
('8505145011', 'Amitie', 'Hatherall', '2011-06-16', '1995-01-11', 'F', '47285'),
('8505808517', 'Stan', 'Dear', '2012-02-14', '1994-10-08', 'M', '10294'),
('8520893813', 'Sergei', 'Worgan', '2013-10-12', '1996-07-31', 'M', '44450'),
('8524654449', 'Jamesy', 'Moncrefe', '2014-10-12', '1998-04-05', 'M', '40311'),
('8531780144', 'Beale', 'Tittletross', '2012-11-19', '1993-09-25', 'M', '43202'),
('8546114935', 'Gregg', 'Valler', '2017-09-29', '1995-05-06', 'M', '51323'),
('8548605022', 'Denver', 'Glanert', '2010-11-04', '1996-06-04', 'M', '20243'),
('8552736721', 'Marya', 'Ransfield', '2012-03-16', '1996-10-23', 'F', '49294'),
('856314323', 'Rutger', 'Sugarman', '2011-12-25', '1998-11-24', 'M', '10380'),
('8565712893', 'Saundra', 'Upcott', '2013-11-08', '1997-08-29', 'M', '20215'),
('8603684154', 'Berna', 'Doog', '2016-06-20', '1995-10-15', 'F', '23222'),
('8606401013', 'Torie', 'McInnery', '2013-08-14', '1995-04-08', 'F', '49282'),
('8646946428', 'Locke', 'Nilles', '2012-02-14', '1995-01-15', 'M', '51241'),
('8651529120', 'Forrest', 'Rockcliff', '2013-08-20', '1995-10-20', 'M', '10295'),
('8659858220', 'Bear', 'Gladtbach', '2016-05-29', '1999-03-22', 'M', '23241'),
('8660056779', 'Kare', 'Dorsett', '2014-12-24', '1998-04-05', 'F', '10345'),
('8664916837', 'Celestyna', 'Hearse', '2013-04-09', '1994-12-01', 'F', '21241'),
('8665479589', 'Dennis', 'Kerby', '2013-12-09', '1993-11-24', 'M', '33404'),
('8675688555', 'Kaile', 'Manilow', '2013-03-03', '1999-09-02', 'F', '21483'),
('8675883773', 'Mischa', 'Dolligon', '2014-01-16', '1995-09-01', 'M', '40313'),
('867606002', 'Bronnie', 'Wythill', '2017-03-05', '1999-03-25', 'M', '20352'),
('8680151750', 'Ringo', 'Maylott', '2010-10-29', '1997-07-23', 'M', '10362'),
('8694379783', 'Wallis', 'Matteini', '2017-03-10', '1995-08-25', 'M', '53224'),
('8720052561', 'Alane', 'Ashman', '2014-07-09', '1996-12-14', 'F', '32253'),
('873961897', 'Erminie', 'Whitear', '2017-06-04', '1993-02-16', 'F', '51264'),
('8759703288', 'Quintilla', 'Sulley', '2014-11-06', '1998-11-27', 'F', '20210'),
('8764367851', 'Ximenes', 'Weaver', '2016-02-19', '1998-06-26', 'M', '49246'),
('8772769033', 'Auberon', 'Burstow', '2016-06-27', '1996-01-24', 'M', '23000'),
('8775969599', 'Athene', 'Gabe', '2016-08-27', '1999-03-19', 'F', '20205'),
('8782816891', 'Lane', 'cornhill', '2014-12-12', '1999-07-31', 'M', '44440'),
('8787287242', 'Edwin', 'Pickring', '2013-06-30', '1998-11-02', 'M', '44324'),
('8808413004', 'Lorri', 'Patten', '2011-10-30', '1997-06-25', 'F', '42222'),
('8816449845', 'Alaster', 'Jordan', '2013-01-08', '1994-03-24', 'M', '10457'),
('8843704842', 'Normand', 'Gurden', '2011-06-06', '1995-07-13', 'M', '44201'),
('8856668602', 'Sofia', 'Mandel', '2016-01-19', '1994-08-18', 'F', '32244'),
('8860122481', 'Danny', 'Crawforth', '2014-06-12', '1995-08-25', 'M', '23212'),
('8866727407', 'Alphonso', 'Gurge', '2016-05-29', '1994-03-14', 'M', '52474'),
('8867372157', 'Antonetta', 'De Witt', '2014-06-14', '1996-09-14', 'F', '51511'),
('8915146603', 'Edan', 'Swynley', '2013-09-12', '1998-03-19', 'M', '21271'),
('8918186703', 'Liva', 'McGuff', '2015-04-19', '1994-05-10', 'F', '32262'),
('89197011', 'Bethanne', 'Panting', '2014-06-21', '1999-10-16', 'F', '47280'),
('8923372129', 'Nisse', 'Lower', '2011-08-04', '1999-09-28', 'F', '20226'),
('8931115768', 'Orelee', 'Donativo', '2014-10-23', '1992-12-18', 'F', '52402'),
('893703990', 'Gaby', 'Manvell', '2011-04-15', '1999-06-19', 'M', '51521'),
('8937878062', 'Linc', 'Tuer', '2012-11-09', '1998-09-11', 'M', '49000'),
('8942470416', 'Patin', 'Fridd', '2011-07-31', '1995-03-23', 'M', '51561'),
('894457349', 'Issie', 'Natwick', '2011-02-17', '1999-08-01', 'F', '43211'),
('8946865229', 'Richart', 'Dudin', '2012-10-12', '1994-04-25', 'M', '10435'),
('8947701262', 'Wilek', 'Brayshay', '2011-10-04', '1995-07-12', 'M', '21330'),
('8948860003', 'Carolynn', 'Reaper', '2011-01-13', '1995-12-01', 'F', '40320'),
('8950423197', 'Kendra', 'Decent', '2015-12-02', '1998-04-27', 'F', '21247'),
('8960307807', 'Matilda', 'Pratchett', '2011-12-11', '1996-05-31', 'F', '21276'),
('8972334782', 'Peterus', 'Berford', '2014-03-09', '1994-03-24', 'M', '10313'),
('8978004164', 'Stacee', 'Entreis', '2014-08-31', '1998-06-09', 'M', '23420'),
('8989939844', 'Jena', 'Franies', '2014-10-08', '1995-08-06', 'F', '51517'),
('8995260114', 'Kaitlyn', 'Aleksidze', '2014-05-19', '1998-12-16', 'F', '21276'),
('8997423819', 'Alon', 'Bilston', '2017-10-15', '1997-05-23', 'M', '21410'),
('8997509438', 'Esdras', 'McGeachie', '2013-11-07', '1997-12-31', 'M', '10363'),
('9006514829', 'Jeanine', 'Baldack', '2014-04-02', '1999-07-04', 'F', '51418'),
('900827165', 'Julianna', 'Stainburn', '2014-04-24', '1996-11-19', 'F', '51303'),
('9022759555', 'Jojo', 'Izkovitz', '2015-11-24', '1999-01-15', 'F', '53224'),
('9030457899', 'Nichol', 'Quartly', '2013-07-01', '1994-11-03', 'F', '10314'),
('904524418', 'Celina', 'Davion', '2015-02-22', '1994-05-25', 'F', '40315'),
('9063868146', 'Ilene', 'Graffin', '2012-05-30', '1999-04-24', 'F', '21272'),
('9067985198', 'Alecia', 'Eldridge', '2012-07-07', '1994-06-09', 'F', '49231'),
('9068494651', 'Thayne', 'Klimas', '2015-09-03', '1995-03-10', 'M', '52341'),
('9076181187', 'Felice', 'Stit', '2016-08-19', '1993-04-07', 'M', '52100'),
('9079897515', 'Teressa', 'Busain', '2017-07-07', '1995-02-02', 'F', '21246'),
('909126151', 'Britte', 'Whitechurch', '2011-10-12', '1994-10-27', 'F', '51303'),
('9092018112', 'Hugh', 'Fransson', '2013-03-16', '1999-06-15', 'M', '20264'),
('9108869790', 'Eolande', 'Menzies', '2013-08-31', '1998-11-03', 'F', '10435'),
('9113251066', 'Andriette', 'Domerq', '2013-08-06', '1999-01-18', 'F', '48326'),
('9119205821', 'Bordie', 'Westley', '2013-06-12', '1998-10-06', 'M', '23291'),
('9130349702', 'Alfonso', 'Pilger', '2013-06-12', '1999-05-05', 'M', '47262'),
('9142262216', 'Diane', 'Schowenburg', '2012-09-17', '1999-09-11', 'F', '21317'),
('9143470068', 'Noland', 'Duinbleton', '2017-03-26', '1997-05-21', 'M', '49214'),
('9164213064', 'Royall', 'Jerzykiewicz', '2016-02-01', '1999-01-26', 'M', '53250'),
('9189076885', 'Raimundo', 'Draycott', '2012-04-19', '1999-02-12', 'M', '43272'),
('9190834615', 'Cornelia', 'Lucock', '2017-08-31', '1997-02-22', 'F', '52423'),
('9198845543', 'Falito', 'Jaegar', '2013-08-16', '1993-03-28', 'M', '21310'),
('9201215878', 'Lorilyn', 'Megarry', '2010-11-13', '1995-09-11', 'F', '32214'),
('92099122', 'Karl', 'Mohun', '2015-01-05', '1996-02-08', 'M', '51212'),
('9214394628', 'Corette', 'Manuelli', '2014-02-24', '1993-06-15', 'F', '10435'),
('9236077935', 'Jabez', 'Borne', '2010-11-05', '1998-08-01', 'M', '42243'),
('9236642144', 'Gabriell', 'Brandon', '2012-08-03', '1999-06-22', 'F', '34315'),
('9246393759', 'Lancelot', 'Malek', '2014-01-17', '1995-02-06', 'M', '10312'),
('9261635067', 'Elia', 'Prestidge', '2011-03-25', '1998-11-10', 'M', '20355'),
('9267907654', 'Ware', 'Anker', '2013-04-27', '1996-02-11', 'M', '32260'),
('9282466299', 'Natty', 'Aspray', '2013-09-19', '1994-03-03', 'F', '44316'),
('9289695404', 'Norman', 'Mc Queen', '2013-07-07', '1995-09-26', 'M', '47206'),
('9299040974', 'Lizzy', 'Barefoot', '2015-10-29', '1993-04-01', 'F', '22203'),
('9299897794', 'Sax', 'Newhouse', '2014-05-11', '1994-03-08', 'M', '51552'),
('9302145212', 'Colby', 'Quiddington', '2012-12-14', '1994-08-03', 'M', '44320'),
('9302961621', 'Woody', 'Abthorpe', '2011-01-17', '1996-04-12', 'M', '33410'),
('930765648', 'Aaren', 'Cadwell', '2014-11-22', '1998-06-30', 'F', '21311'),
('9315745191', 'Denice', 'Fort', '2014-11-01', '1998-01-10', 'F', '42240'),
('9322089261', 'Glynis', 'Blesing', '2013-11-16', '1997-11-26', 'F', '40325'),
('9332787379', 'Cal', 'Stanion', '2012-03-26', '1998-06-18', 'M', '32256'),
('9339360370', 'Harrie', 'Reyna', '2014-11-27', '1997-10-06', 'F', '52444'),
('9347977632', 'Baron', 'Craythorne', '2016-11-08', '1995-12-29', 'M', '42250'),
('9360629499', 'Hannie', 'Andresen', '2017-05-18', '1994-11-26', 'F', '51266'),
('9367239882', 'Donelle', 'Wyke', '2012-12-26', '1996-01-20', 'F', '23210'),
('937300799', 'Sydel', 'Kenny', '2012-03-16', '1996-08-21', 'F', '23292'),
('9379091931', 'Nealy', 'Lepper', '2016-09-10', '1997-03-09', 'M', '44325'),
('9392040032', 'Cori', 'Petrashov', '2011-05-28', '1995-04-14', 'M', '40314'),
('9411135285', 'Gene', 'Brozek', '2016-04-25', '1995-11-21', 'M', '21255'),
('9419855252', 'Zebulon', 'Juster', '2016-11-17', '1994-06-14', 'M', '23210'),
('9435937942', 'Mufinella', 'Crispin', '2012-04-26', '1998-02-14', 'F', '42232'),
('9451300791', 'Alf', 'Chaise', '2010-11-09', '1993-08-13', 'M', '43000'),
('9456034305', 'Nevil', 'Deares', '2013-08-13', '1994-12-29', 'M', '42225'),
('946710546', 'Dennet', 'Morgon', '2014-04-01', '1992-12-12', 'M', '52332'),
('9468730867', 'Rodrigo', 'Boughtwood', '2015-04-19', '1993-09-21', 'M', '10456'),
('9480065592', 'Paddy', 'Rarity', '2014-12-01', '1997-06-25', 'M', '40324'),
('948032510', 'Parry', 'Maitland', '2015-11-30', '1995-07-06', 'M', '51241'),
('9516235646', 'Mercy', 'Oke', '2011-11-29', '1995-06-06', 'F', '40325'),
('9516876307', 'Aidan', 'Mc Dermid', '2015-04-28', '1996-09-12', 'F', '40320'),
('952005751', 'Ondrea', 'Riggulsford', '2013-04-22', '1998-01-11', 'F', '52211'),
('9524027526', 'Prent', 'Dobing', '2010-12-02', '1999-06-11', 'M', '35214'),
('9534905747', 'Consalve', 'Rillett', '2012-05-15', '1996-02-15', 'M', '22221'),
('9537732525', 'Witty', 'Campey', '2015-03-14', '1995-01-31', 'M', '22243'),
('9540344360', 'Mireielle', 'Doick', '2014-08-10', '1992-11-02', 'F', '34312'),
('9546998125', 'Stevie', 'Tourner', '2011-11-25', '1995-04-15', 'M', '44316'),
('9557642505', 'Inger', 'Strathern', '2014-06-04', '1993-12-04', 'F', '23312'),
('9559987607', 'Piggy', 'Musselwhite', '2014-04-26', '1994-07-24', 'M', '44317'),
('9573687771', 'Tate', 'Jori', '2011-08-11', '1998-03-19', 'F', '10435'),
('9575247213', 'Ange', 'Swinnard', '2013-08-09', '1999-04-15', 'F', '47000'),
('9578529309', 'Stern', 'Abrehart', '2014-11-02', '1996-12-22', 'M', '42203'),
('9598008436', 'Windy', 'Ranklin', '2012-03-04', '1998-10-18', 'F', '40324'),
('9613950540', 'Tierney', 'Clausson', '2010-10-27', '1997-05-22', 'F', '51300'),
('9628835858', 'Cristy', 'Wade', '2012-09-16', '1993-07-06', 'F', '40320'),
('9630814692', 'Vinny', 'Churchlow', '2017-01-22', '1994-07-09', 'M', '10110'),
('9645768497', 'Manda', 'Crocombe', '2012-02-08', '1993-05-26', 'F', '23283'),
('965315746', 'Randi', 'Cornthwaite', '2016-12-14', '1999-06-16', 'M', '43531'),
('9671389988', 'Zolly', 'Jozwik', '2014-02-19', '1993-02-24', 'M', '44316'),
('9690860828', 'Joycelin', 'Prest', '2017-08-21', '1996-02-09', 'F', '49224'),
('9699014369', 'Annalise', 'Carme', '2012-11-23', '1992-11-04', 'F', '21292'),
('9716058659', 'Katharina', 'Fasey', '2014-05-02', '1998-09-14', 'F', '22322'),
('9717137749', 'Jarrid', 'Antognetti', '2016-01-12', '1998-07-11', 'M', '23234'),
('9723708418', 'Maridel', 'Sabathe', '2011-03-07', '1996-06-14', 'F', '20223'),
('973797967', 'Gaylene', 'Woodyeare', '2014-09-20', '1994-05-07', 'F', '21465'),
('9739526888', 'Haleigh', 'Antonikov', '2014-05-22', '1995-08-31', 'M', '10361'),
('9741205422', 'Jessa', 'Banister', '2013-08-24', '1998-10-12', 'F', '22205'),
('974475912', 'Tris', 'Lovett', '2013-04-11', '1995-11-13', 'M', '23248'),
('974582247', 'Mayne', 'Jaze', '2015-11-12', '1996-07-11', 'M', '10418'),
('9753944837', 'Berke', 'Buddington', '2013-03-28', '1999-05-20', 'M', '20232'),
('9762242408', 'Junette', 'Caccavale', '2012-03-10', '1997-05-02', 'F', '43246'),
('9791771979', 'Riane', 'Seys', '2017-07-04', '1997-08-23', 'F', '51521'),
('9793377526', 'Teirtza', 'Chaplyn', '2017-02-26', '1997-02-27', 'F', '33000'),
('981695264', 'Martino', 'Hugle', '2016-08-18', '1998-10-02', 'M', '32238'),
('9840068652', 'Carmine', 'Nance', '2012-09-05', '1993-09-23', 'M', '47280'),
('9843121813', 'Robby', 'Felder', '2014-06-15', '1996-10-09', 'M', '51241'),
('9863852759', 'Charlean', 'Meaker', '2016-10-17', '1996-05-28', 'F', '32010'),
('988920565', 'Perla', 'Lumbers', '2016-01-06', '1996-07-26', 'F', '44322'),
('9893562481', 'Pearl', 'Kach', '2016-11-13', '1997-12-27', 'F', '10434'),
('9895623178', 'Reggie', 'Maskew', '2011-04-04', '1997-02-19', 'F', '35106'),
('9907489654', 'Ronna', 'Fellows', '2014-05-26', '1996-01-09', 'F', '51215'),
('9909820390', 'Nikita', 'Dressell', '2013-09-11', '1998-04-02', 'M', '32233'),
('9915334648', 'Marshall', 'Jahner', '2015-08-05', '1999-03-31', 'M', '48267'),
('9917229949', 'Marian', 'Sharpless', '2015-12-23', '1997-07-02', 'F', '42245'),
('9919436313', 'Rosita', 'Swinley', '2014-12-17', '1995-11-10', 'F', '33513'),
('9924948971', 'Fina', 'Whatson', '2015-03-11', '1997-09-25', 'F', '43212'),
('9925928982', 'Tally', 'Hankin', '2014-12-18', '1994-03-24', 'M', '23440'),
('9930098895', 'Auberta', 'Brunone', '2014-02-20', '1994-01-22', 'F', '52223'),
('9938571670', 'Angelico', 'Getley', '2012-04-24', '1996-02-01', 'M', '35106'),
('9950262224', 'Diann', 'Buckner', '2016-01-14', '1998-11-30', 'F', '47302'),
('9954700943', 'Lulita', 'Blow', '2013-02-13', '1996-09-28', 'F', '53244'),
('995857113', 'Saidee', 'Dillinger', '2015-03-26', '1994-08-06', 'F', '22322'),
('9971346729', 'Caitrin', 'Cusick', '2015-11-29', '1998-12-26', 'F', '32237'),
('9998237572', 'Tatiania', 'MacMorland', '2015-08-09', '1996-07-15', 'F', '22320');

--
-- Indexes for dumped tables
--

--
-- Indexes for table  exam 
--
ALTER TABLE  exam 
  ADD PRIMARY KEY ( courseID , studentID );


--
-- Indexes for table  city 
--
ALTER TABLE  city 
  ADD PRIMARY KEY ( zipCode );

--
-- Indexes for table  course 
--
ALTER TABLE  course 
  ADD PRIMARY KEY ( courseID );

--
-- Indexes for table  student 
--
ALTER TABLE  student 
  ADD PRIMARY KEY ( studentID );


--
-- Constraints for dumped tables
--

--
-- Constraints for table  exam 
--
ALTER TABLE  exam 
  ADD CONSTRAINT  fkcourseID1  FOREIGN KEY ( courseID ) REFERENCES  course  ( courseID );
 ALTER TABLE  exam
  ADD CONSTRAINT  fkcourseID2  FOREIGN KEY ( studentID ) REFERENCES  student  ( studentID );

--
-- Constraints for table  student 
--
ALTER TABLE  student 
  ADD CONSTRAINT  fkzipCode  FOREIGN KEY ( residenceZipCode ) REFERENCES  city  ( zipCode );

/*!40101 SET CHARACTER_SET_CLIENT=@OLD_CHARACTER_SET_CLIENT */;
/*!40101 SET CHARACTER_SET_RESULTS=@OLD_CHARACTER_SET_RESULTS */;
/*!40101 SET COLLATION_CONNECTION=@OLD_COLLATION_CONNECTION */;

